brand_name,model,price,rating,has_dual_sim,has_5G,has_NFC,has_IR_Blaster,processor_brand,no_of_cores,processor_speed,ram,rom,fast_charging_available,battery_capacity,screen_size,resolution,refresh_rate,no_of_rear_cameras,no_of_front_cameras,primary_front_camera,primary_rear_camera,memory_extended_upto,operating_system
xiaomi,Xiaomi Redmi 12 5G,11999,75.0,1,1,0,1,snapdragon,8,2.2,4,128.0,1,5000.0,6.79,Ultra HD,90.0,2,1,8.0,50.0,1024.0,Android
xiaomi,Xiaomi Redmi 12 5G (6 GB RAM + 128 GB),13499,77.0,1,1,0,1,snapdragon,8,2.2,6,128.0,1,5000.0,6.79,Ultra HD,90.0,2,1,8.0,50.0,1024.0,Android
xiaomi,Xiaomi Redmi 12 5G (8GB RAM + 256GB),15499,80.0,1,1,0,1,snapdragon,8,2.2,8,256.0,1,5000.0,6.79,Ultra HD,90.0,2,1,8.0,50.0,1024.0,Android
oneplus,OnePlus Nord CE 3 Lite 5G,19999,85.0,1,1,0,0,snapdragon,8,2.2,8,128.0,1,5000.0,6.72,Ultra HD,120.0,3,1,16.0,108.0,1024.0,Android
samsung,Samsung Galaxy F34 5G,18999,83.0,1,1,1,0,exynos,8,2.4,6,128.0,1,6000.0,6.5,Ultra HD,120.0,3,1,13.0,50.0,1024.0,Android
oneplus,OnePlus Nord CE 3 5G,26999,84.0,1,1,1,1,snapdragon,8,2.7,8,128.0,1,5000.0,6.7,Ultra HD,120.0,3,1,16.0,50.0,1024.0,Android
vivo,Vivo T2x 5G (6GB RAM + 128GB),13999,78.0,1,1,0,0,mediatek,8,2.2,6,128.0,1,5000.0,6.58,Ultra HD,60.0,2,1,8.0,50.0,1024.0,Android
realme,Realme C53,9999,75.0,1,0,0,0,unisoc,8,1.82,4,128.0,1,5000.0,6.74,Ultra HD,90.0,2,1,8.0,108.0,2048.0,Android
motorola,Motorola Edge 40 5G,29999,87.0,1,1,1,0,mediatek,8,2.6,8,256.0,1,4400.0,6.55,Ultra HD,144.0,2,1,32.0,50.0,0.0,Android
oppo,OPPO Reno 10,32999,88.0,1,1,1,1,mediatek,8,2.6,8,256.0,1,5000.0,6.7,Ultra HD,120.0,3,1,32.0,64.0,128.0,Android
realme,Realme 11 Pro,23599,85.0,1,1,1,0,mediatek,8,2.6,8,128.0,1,5000.0,6.7,Ultra HD,120.0,2,1,16.0,100.0,0.0,Android
samsung,Samsung Galaxy S21 FE 5G,39999,87.0,1,1,1,0,exynos,8,2.9,8,128.0,1,4500.0,6.4,Ultra HD,120.0,3,1,32.0,12.0,0.0,Android
xiaomi,Xiaomi Redmi 12 4G,9999,75.0,1,0,0,1,mediatek,8,2.0,4,128.0,1,5000.0,6.79,Ultra HD,90.0,3,1,8.0,50.0,1024.0,Android
oneplus,OnePlus Nord 3 5G,32674,85.0,1,1,1,1,mediatek,8,3.05,8,128.0,1,5000.0,6.74,Ultra HD,120.0,3,1,16.0,50.0,0.0,Android
realme,Realme 11 Pro Plus,27599,89.0,1,1,1,0,mediatek,8,2.6,8,256.0,1,5000.0,6.7,Ultra HD,120.0,3,1,32.0,200.0,0.0,Android
oneplus,OnePlus Nord CE 3 Lite 5G (8GB RAM + 256GB),21999,86.0,1,1,0,0,snapdragon,8,2.2,8,256.0,1,5000.0,6.72,Ultra HD,120.0,3,1,16.0,108.0,1024.0,Android
samsung,Samsung Galaxy M34 5G,18999,82.0,1,1,1,0,exynos,8,2.4,6,128.0,1,6000.0,6.5,Ultra HD,120.0,3,1,13.0,50.0,1024.0,Android
realme,Realme Narzo 60 5G,17999,82.0,1,1,0,0,mediatek,8,2.2,8,128.0,1,5000.0,6.43,Ultra HD,90.0,2,1,16.0,64.0,1024.0,Android
oneplus,OnePlus 11R 5G,38684,85.0,1,1,1,1,snapdragon,8,3.2,8,128.0,1,5000.0,6.74,Ultra HD,120.0,3,1,16.0,50.0,0.0,Android
vivo,Vivo V27,32799,85.0,1,1,0,0,mediatek,8,2.8,8,128.0,1,4600.0,6.78,Ultra HD,120.0,3,1,50.0,50.0,0.0,Android
vivo,Vivo T2x 5G,12999,75.0,1,1,0,0,mediatek,8,2.2,4,128.0,1,5000.0,6.58,Ultra HD,60.0,2,1,8.0,50.0,1024.0,Android
infinix,Infinix Note 30 5G (8GB RAM + 256GB),16999,87.0,1,1,1,0,mediatek,8,2.4,8,256.0,1,5000.0,6.78,Ultra HD,120.0,3,1,16.0,108.0,2048.0,Android
motorola,Motorola Moto G62 5G,14999,81.0,1,1,0,0,snapdragon,8,2.2,6,128.0,1,5000.0,6.55,Ultra HD,120.0,3,1,16.0,50.0,1024.0,Android
xiaomi,Xiaomi Redmi Note 12 Pro 5G,21993,79.0,1,1,0,1,mediatek,8,2.6,6,128.0,1,5000.0,6.67,Ultra HD,120.0,3,1,16.0,50.0,0.0,Android
motorola,Motorola Moto G14,9999,69.0,1,0,1,0,unisoc,8,2.0,4,128.0,1,5000.0,6.5,Full HD,60.0,2,1,8.0,50.0,1024.0,Android
samsung,Samsung Galaxy S20 FE 5G,26683,88.0,1,1,1,0,snapdragon,8,2.84,8,128.0,1,4500.0,6.5,Ultra HD,120.0,3,1,32.0,12.0,128.0,Android
samsung,Samsung Galaxy F54,29999,89.0,1,1,1,0,exynos,8,2.4,8,256.0,1,6000.0,6.7,Ultra HD,120.0,3,1,32.0,108.0,1024.0,Android
realme,Realme C53 (6GB RAM + 64GB),10999,76.0,1,0,0,0,unisoc,8,1.82,6,64.0,1,5000.0,6.74,Ultra HD,90.0,2,1,8.0,108.0,2048.0,Android
samsung,Samsung Galaxy S23 Ultra 5G,106500,,1,1,1,0,snapdragon,8,3.36,12,256.0,1,5000.0,6.8,Ultra HD,120.0,4,1,12.0,200.0,0.0,Android
samsung,Samsung Galaxy F14 5G (6GB RAM + 128GB),13990,71.0,1,1,0,0,exynos,8,2.0,6,128.0,1,6000.0,6.6,Full HD,60.0,2,1,13.0,50.0,1024.0,Android
xiaomi,Xiaomi Redmi Note 12 5G,16999,77.0,1,1,0,1,snapdragon,8,2.0,4,128.0,1,5000.0,6.67,Ultra HD,120.0,3,1,13.0,48.0,1024.0,Android
oneplus,OnePlus Nord CE 3 (12GB RAM + 256GB),28999,85.0,1,1,1,1,snapdragon,8,2.7,12,256.0,1,5000.0,6.7,Ultra HD,120.0,3,1,16.0,50.0,1024.0,Android
oppo,OPPO Reno 10 Pro,39999,87.0,1,1,1,1,snapdragon,8,2.4,12,256.0,1,4600.0,6.7,Ultra HD,120.0,3,1,32.0,50.0,0.0,Android
oneplus,OnePlus Nord CE 2 Lite 5G,17699,81.0,1,1,0,0,snapdragon,8,2.2,6,128.0,1,5000.0,6.59,Ultra HD,120.0,3,1,16.0,64.0,1024.0,Android
realme,Realme C55 (8GB RAM + 128GB),13699,79.0,1,0,0,0,mediatek,8,2.0,8,128.0,1,5000.0,6.72,Ultra HD,90.0,2,1,8.0,64.0,1024.0,Android
apple,Apple iPhone 13,61999,79.0,1,1,1,0,bionic,6,3.22,4,128.0,1,3240.0,6.1,Ultra HD,60.0,2,1,12.0,12.0,0.0,iOS
motorola,Motorola Moto G73,16999,84.0,1,1,1,0,mediatek,8,2.2,8,128.0,1,5000.0,6.5,Ultra HD,120.0,2,1,16.0,50.0,1024.0,Android
iqoo,iQOO Z7 5G,19989,82.0,1,1,0,0,mediatek,8,2.5,6,128.0,1,4500.0,6.38,Ultra HD,90.0,2,1,16.0,64.0,1024.0,Android
samsung,Samsung Galaxy A34 5G,28999,84.0,1,1,1,0,mediatek,8,2.6,6,128.0,1,5000.0,6.6,Ultra HD,120.0,3,1,13.0,48.0,1024.0,Android
oneplus,OnePlus 11 5G,54799,89.0,1,1,1,0,snapdragon,8,3.2,8,128.0,1,5000.0,6.7,Ultra HD,120.0,3,1,16.0,50.0,0.0,Android
poco,Poco X5,15999,81.0,1,1,0,1,snapdragon,8,2.2,6,128.0,1,5000.0,6.67,Ultra HD,120.0,3,1,13.0,48.0,1024.0,Android
poco,Poco X5 Pro,20999,81.0,1,1,0,1,snapdragon,8,2.4,6,128.0,1,5000.0,6.67,Ultra HD,120.0,3,1,16.0,108.0,0.0,Android
motorola,Motorola Moto G32 (8GB RAM + 128GB),11999,81.0,1,0,0,0,snapdragon,8,2.4,8,128.0,1,5000.0,6.55,Ultra HD,90.0,3,1,16.0,50.0,1024.0,Android
apple,Apple iPhone 14,68999,81.0,1,1,1,0,bionic,6,3.22,6,128.0,1,3279.0,6.1,Ultra HD,60.0,2,1,12.0,12.0,0.0,iOS
iqoo,iQOO Neo 7 Pro,34999,83.0,1,1,0,1,snapdragon,8,3.2,8,128.0,1,5000.0,6.78,Ultra HD,120.0,3,1,16.0,50.0,0.0,Android
vivo,Vivo T2x 5G (8GB RAM + 128GB),15999,80.0,1,1,0,0,mediatek,8,2.2,8,128.0,1,5000.0,6.58,Ultra HD,60.0,2,1,8.0,50.0,1024.0,Android
realme,Realme 11 Pro Plus (12GB RAM + 256GB),29599,89.0,1,1,1,0,mediatek,8,2.6,12,256.0,1,5000.0,6.7,Ultra HD,120.0,3,1,32.0,200.0,0.0,Android
xiaomi,Xiaomi Redmi 12C,8499,70.0,1,0,0,0,mediatek,8,2.0,4,64.0,0,5000.0,6.71,Quad HD,60.0,2,1,5.0,50.0,1024.0,Android
vivo,Vivo T2 5G,18999,79.0,1,1,0,0,snapdragon,8,2.2,6,128.0,1,4500.0,6.38,Ultra HD,90.0,2,1,16.0,64.0,1024.0,Android
apple,Apple iPhone 14 Pro Max,127999,85.0,1,1,1,0,bionic,6,3.46,6,128.0,1,4323.0,6.7,Ultra HD,120.0,3,1,12.0,48.0,0.0,iOS
realme,Realme Narzo N53,8999,70.0,1,0,0,0,unisoc,8,1.8,4,64.0,1,5000.0,6.74,Quad HD,90.0,2,1,8.0,50.0,2048.0,Android
samsung,Samsung Galaxy M34 5G (8GB RAM + 128GB),20999,84.0,1,1,1,0,exynos,8,2.4,8,128.0,1,6000.0,6.5,Ultra HD,120.0,3,1,13.0,50.0,1024.0,Android
samsung,Samsung Galaxy F04,6999,68.0,1,0,0,0,mediatek,8,2.3,4,64.0,1,5000.0,6.5,Quad HD,60.0,2,1,5.0,13.0,1024.0,Android
infinix,Infinix Hot 30 5G (8GB RAM + 128GB),13499,82.0,1,1,1,0,mediatek,8,2.2,8,128.0,1,6000.0,6.78,Ultra HD,120.0,2,1,8.0,50.0,1024.0,Android
samsung,Samsung Galaxy F34 5G (8GB RAM + 128GB),20999,85.0,1,1,1,0,exynos,8,2.4,8,128.0,1,6000.0,6.5,Ultra HD,120.0,3,1,13.0,50.0,1024.0,Android
infinix,Infinix Note 30 5G,14999,81.0,1,1,1,0,mediatek,8,2.4,4,128.0,1,5000.0,6.78,Ultra HD,120.0,3,1,16.0,108.0,2048.0,Android
vivo,Vivo V27 Pro,37999,84.0,1,1,0,0,mediatek,8,3.1,8,128.0,1,4600.0,6.78,Ultra HD,120.0,3,1,50.0,50.0,0.0,Android
realme,Realme GT 2 5G,24999,84.0,1,1,1,0,snapdragon,8,2.84,8,128.0,1,5000.0,6.62,Ultra HD,120.0,3,1,16.0,50.0,0.0,Android
xiaomi,Xiaomi Redmi Note 12 (8GB RAM + 256GB),20999,83.0,1,1,0,1,snapdragon,8,2.0,8,256.0,1,5000.0,6.67,Ultra HD,120.0,3,1,13.0,48.0,1024.0,Android
samsung,Samsung Galaxy A54 5G,38999,88.0,1,1,1,0,exynos,8,2.4,8,128.0,1,5000.0,6.4,Ultra HD,120.0,3,1,32.0,50.0,1024.0,Android
samsung,Samsung Galaxy M14 (6GB RAM + 128GB),15349,79.0,1,1,0,0,exynos,8,2.4,6,128.0,1,6000.0,6.6,Ultra HD,90.0,3,1,13.0,50.0,1024.0,Android
poco,Poco F5,26999,84.0,1,1,0,1,snapdragon,8,2.91,8,256.0,1,5000.0,6.67,Ultra HD,120.0,3,1,16.0,64.0,0.0,Android
apple,Apple iPhone 14 Plus,79999,82.0,1,1,1,0,bionic,6,3.22,6,128.0,1,4325.0,6.7,Ultra HD,60.0,2,1,12.0,12.0,0.0,iOS
oppo,Oppo A78 4G,17499,81.0,1,0,1,0,snapdragon,8,2.4,8,128.0,1,5000.0,6.43,Ultra HD,90.0,2,1,8.0,50.0,1024.0,Android
lava,Lava Agni 2 5G,21999,82.0,1,1,0,0,mediatek,8,2.6,8,256.0,1,4700.0,6.78,Ultra HD,120.0,4,1,16.0,50.0,0.0,Android
samsung,Samsung Galaxy A14 5G,15998,75.0,1,1,0,0,exynos,8,2.4,4,64.0,1,5000.0,6.6,Ultra HD,90.0,3,1,13.0,50.0,1024.0,Android
oppo,Oppo A78,17960,79.0,1,1,1,0,mediatek,8,2.2,8,128.0,1,5000.0,6.56,Quad HD,90.0,2,1,8.0,50.0,128.0,Android
vivo,Vivo V25 Pro 5G,27489,84.0,1,1,0,0,mediatek,8,3.0,8,128.0,1,4830.0,6.56,Ultra HD,120.0,3,1,32.0,64.0,0.0,Android
samsung,Samsung Galaxy S22 Ultra 5G,84999,,1,1,1,0,snapdragon,8,3.0,12,256.0,1,5000.0,6.8,Ultra HD,120.0,4,1,40.0,108.0,0.0,Android
samsung,Samsung Galaxy M14,14277,77.0,1,1,0,0,exynos,8,2.4,4,128.0,1,6000.0,6.6,Ultra HD,90.0,3,1,13.0,50.0,1024.0,Android
realme,Realme 10 Pro,18999,82.0,1,1,0,0,snapdragon,8,2.2,6,128.0,1,5000.0,6.72,Ultra HD,120.0,2,1,16.0,108.0,1024.0,Android
oneplus,OnePlus 11R (16GB RAM + 256GB),43519,87.0,1,1,1,1,snapdragon,8,3.2,16,256.0,1,5000.0,6.74,Ultra HD,120.0,3,1,16.0,50.0,0.0,Android
tecno,Tecno Camon 20 Pro 5G,19998,85.0,1,1,1,0,mediatek,8,3.0,8,128.0,1,5000.0,6.67,Ultra HD,120.0,3,1,32.0,64.0,0.0,Android
realme,Realme 10 Pro Plus,22999,82.0,1,1,0,0,mediatek,8,2.6,6,128.0,1,5000.0,6.7,Ultra HD,120.0,3,1,16.0,108.0,0.0,Android
oneplus,OnePlus Nord 3 5G (16GB RAM + 256GB),37219,87.0,1,1,1,1,mediatek,8,3.05,16,256.0,1,5000.0,6.74,Ultra HD,120.0,3,1,16.0,50.0,0.0,Android
samsung,Samsung Galaxy S23 5G,74998,88.0,1,1,1,0,snapdragon,8,3.36,8,128.0,1,3900.0,6.1,Ultra HD,120.0,3,1,12.0,50.0,0.0,Android
google,Google Pixel 6A,26999,71.0,1,1,1,0,tensor,8,2.8,6,128.0,1,4410.0,6.14,Ultra HD,60.0,2,1,8.0,12.2,0.0,Android
infinix,Infinix Zero 5G 2023,16599,84.0,1,1,0,0,mediatek,8,2.5,8,128.0,1,5000.0,6.78,Ultra HD,120.0,3,1,16.0,50.0,256.0,Android
realme,Realme GT Neo 3 5G,23970,83.0,1,1,1,0,mediatek,8,2.85,8,128.0,1,5000.0,6.7,Ultra HD,120.0,3,1,16.0,50.0,0.0,Android
xiaomi,Xiaomi Redmi 12 4G (6GB RAM + 128GB),11499,77.0,1,0,0,1,mediatek,8,2.0,6,128.0,1,5000.0,6.79,Ultra HD,90.0,3,1,8.0,50.0,1024.0,Android
oppo,Oppo Reno 10 Pro Plus,54999,89.0,1,1,1,1,snapdragon,8,3.2,12,256.0,1,4700.0,6.74,Ultra HD,120.0,3,1,32.0,64.0,0.0,Android
poco,Poco C51,6913,66.0,1,0,0,0,mediatek,8,2.2,4,64.0,1,5000.0,6.52,Quad HD,60.0,2,1,5.0,8.0,1024.0,Android
apple,Apple iPhone 11,41990,73.0,1,0,1,0,bionic,6,2.65,4,64.0,0,3110.0,6.1,Quad HD,60.0,2,1,12.0,12.0,0.0,iOS
iqoo,iQOO Z6 Lite (6GB RAM + 128GB),14499,79.0,1,1,0,0,snapdragon,8,2.0,6,128.0,1,5000.0,6.58,Ultra HD,120.0,2,1,8.0,50.0,1024.0,Android
realme,Realme Narzo N53 (6GB RAM + 128GB),10999,74.0,1,0,0,0,unisoc,8,1.8,6,128.0,1,5000.0,6.74,Quad HD,90.0,2,1,8.0,50.0,2048.0,Android
poco,Poco C55,9499,71.0,1,0,0,0,mediatek,8,2.0,4,64.0,1,5000.0,6.71,Quad HD,60.0,2,1,5.0,50.0,1024.0,Android
motorola,Motorola Edge 30 Ultra (12GB RAM + 256GB),49999,,1,1,1,0,snapdragon,8,3.2,12,256.0,1,4610.0,6.67,Ultra HD,144.0,3,1,60.0,200.0,0.0,Android
samsung,Samsung Galaxy F23 5G (6GB RAM + 128GB),16999,80.0,1,1,1,0,snapdragon,8,2.2,6,128.0,1,5000.0,6.6,Ultra HD,120.0,3,1,8.0,50.0,1024.0,Android
xiaomi,Xiaomi Redmi 11 Prime,8999,74.0,1,0,0,1,mediatek,8,2.2,4,64.0,1,5000.0,6.58,Ultra HD,90.0,3,1,8.0,50.0,512.0,Android
infinix,Infinix Hot 30i,9039,76.0,1,0,0,0,mediatek,8,2.3,8,128.0,1,5000.0,6.6,Quad HD,90.0,2,1,8.0,50.0,1024.0,Android
realme,Realme Narzo 60 Pro (12GB RAM + 1TB),29999,85.0,1,1,0,0,mediatek,8,2.6,12,1000.0,1,5000.0,6.7,Ultra HD,120.0,2,1,16.0,100.0,0.0,Android
xiaomi,Xiaomi Redmi Note 12 Pro Plus,28978,86.0,1,1,0,1,mediatek,8,2.6,8,256.0,1,4980.0,6.67,Ultra HD,120.0,3,1,16.0,200.0,0.0,Android
oneplus,OnePlus 10R 5G,29454,84.0,1,1,1,0,mediatek,8,2.85,8,128.0,1,5000.0,6.7,Ultra HD,120.0,3,1,16.0,50.0,0.0,Android
oppo,Oppo Reno 8T,29999,86.0,1,1,1,0,snapdragon,8,2.2,8,128.0,1,4800.0,6.7,Ultra HD,120.0,3,1,32.0,108.0,1024.0,Android
motorola,Motorola Moto G42,12499,78.0,1,0,1,0,snapdragon,8,2.4,4,64.0,1,5000.0,6.47,Ultra HD,60.0,3,1,16.0,50.0,1024.0,Android
samsung,Samsung Galaxy F14 5G,12990,68.0,1,1,0,0,exynos,8,2.0,4,128.0,1,6000.0,6.6,Full HD,60.0,2,1,13.0,50.0,1024.0,Android
poco,Poco X5 Pro (8GB RAM + 256GB),24999,84.0,1,1,0,1,snapdragon,8,2.4,8,256.0,1,5000.0,6.67,Ultra HD,120.0,3,1,16.0,108.0,0.0,Android
oppo,OPPO F23,23799,84.0,1,1,0,0,snapdragon,8,2.2,8,256.0,1,5000.0,6.72,Ultra HD,120.0,3,1,32.0,64.0,1024.0,Android
vivo,Vivo Y56,19240,83.0,1,1,0,0,mediatek,8,2.2,8,128.0,1,5000.0,6.58,Ultra HD,60.0,2,1,16.0,50.0,128.0,Android
realme,Realme 11 Pro (8GB RAM + 256GB),24529,85.0,1,1,1,0,mediatek,8,2.6,8,256.0,1,5000.0,6.7,Ultra HD,120.0,2,1,16.0,100.0,0.0,Android
iqoo,iQOO Z7s 5G,18989,80.0,1,1,0,0,snapdragon,8,2.2,6,128.0,1,4500.0,6.38,Ultra HD,90.0,2,1,16.0,64.0,1024.0,Android
realme,Realme 10,11499,74.0,1,0,0,0,mediatek,8,2.2,4,64.0,1,5000.0,6.4,Ultra HD,90.0,2,1,16.0,50.0,1024.0,Android
realme,Realme 9 5G,13999,75.0,1,1,0,0,mediatek,8,2.4,4,64.0,1,5000.0,6.5,Ultra HD,90.0,3,1,16.0,48.0,1024.0,Android
vivo,Vivo Y22,14499,72.0,1,0,0,0,mediatek,8,2.0,4,64.0,1,5000.0,6.55,Quad HD,60.0,2,1,8.0,50.0,1024.0,Android
xiaomi,Xiaomi Redmi K50i 5G,20999,82.0,1,1,0,1,mediatek,8,2.85,6,128.0,1,5080.0,6.6,Ultra HD,144.0,3,1,16.0,64.0,0.0,Android
realme,Realme Narzo 60 5G (8GB RAM +256GB),19999,82.0,1,1,0,0,mediatek,8,2.2,8,256.0,1,5000.0,6.43,Ultra HD,90.0,2,1,16.0,64.0,1024.0,Android
motorola,Motorola Moto G62 (8GB RAM + 128GB),15999,83.0,1,1,0,0,snapdragon,8,2.2,8,128.0,1,5000.0,6.55,Ultra HD,120.0,3,1,16.0,50.0,1024.0,Android
iqoo,iQOO Neo 7 5G,27999,82.0,1,1,0,1,mediatek,8,3.1,8,128.0,1,5000.0,6.78,Ultra HD,120.0,3,1,16.0,64.0,0.0,Android
xiaomi,Xiaomi 12 Pro 5G,41999,89.0,1,1,1,1,snapdragon,8,3.0,8,256.0,1,4600.0,6.73,Ultra HD,120.0,3,1,32.0,50.0,0.0,Android
vivo,Vivo V27 Pro (12GB RAM + 256GB),42999,86.0,1,1,0,0,mediatek,8,3.1,12,256.0,1,4600.0,6.78,Ultra HD,120.0,3,1,50.0,50.0,0.0,Android
nothing,Nothing Phone 2,44999,88.0,1,1,1,0,snapdragon,8,3.2,8,128.0,1,4700.0,6.7,Ultra HD,120.0,2,1,32.0,50.0,0.0,Android
samsung,Samsung Galaxy A73 5G,37999,,1,1,1,0,snapdragon,8,2.4,8,128.0,1,5000.0,6.7,Ultra HD,120.0,4,1,32.0,108.0,1024.0,Android
infinix,Infinix Hot 30 5G,12499,77.0,1,1,1,0,mediatek,8,2.2,4,128.0,1,6000.0,6.78,Ultra HD,120.0,2,1,8.0,50.0,1024.0,Android
poco,Poco M5,8499,74.0,1,0,0,1,mediatek,8,2.2,4,64.0,1,5000.0,6.58,Ultra HD,90.0,3,1,8.0,50.0,512.0,Android
tecno,Tecno Spark 10 Pro,12990,80.0,1,0,1,0,mediatek,8,2.0,8,128.0,1,5000.0,6.8,Ultra HD,90.0,2,1,32.0,50.0,128.0,Android
google,Google Pixel 7A,43999,86.0,1,1,1,0,tensor,8,2.85,8,128.0,1,4385.0,6.1,Ultra HD,90.0,2,1,13.0,64.0,0.0,Android
poco,Poco C55 (6GB RAM + 128GB),8999,75.0,1,0,0,0,mediatek,8,2.0,6,128.0,1,5000.0,6.71,Quad HD,60.0,2,1,5.0,50.0,1024.0,Android
xiaomi,Xiaomi Redmi Note 12 4G,13700,79.0,1,0,0,1,snapdragon,8,2.8,6,64.0,1,5000.0,6.67,Ultra HD,120.0,3,1,13.0,50.0,1024.0,Android
samsung,Samsung Galaxy A14 5G (6GB RAM + 128GB),17999,79.0,1,1,0,0,exynos,8,2.4,6,128.0,1,5000.0,6.6,Ultra HD,90.0,3,1,13.0,50.0,1024.0,Android
motorola,Motorola Moto G13,9999,75.0,1,0,1,0,mediatek,8,2.0,4,128.0,1,5000.0,6.5,Quad HD,90.0,3,1,8.0,50.0,512.0,Android
apple,Apple iPhone 14 Pro,117999,84.0,1,1,1,0,bionic,6,3.46,6,128.0,1,3200.0,6.1,Ultra HD,120.0,3,1,12.0,48.0,0.0,iOS
oneplus,OnePlus 11 (16GB RAM + 256GB),61370,,1,1,1,0,snapdragon,8,3.2,16,256.0,1,5000.0,6.7,Ultra HD,120.0,3,1,16.0,50.0,0.0,Android
samsung,Samsung Galaxy A53 5G,26999,87.0,1,1,1,0,exynos,8,2.4,6,128.0,1,5000.0,6.5,Ultra HD,120.0,4,1,32.0,64.0,1024.0,Android
oneplus,OnePlus 10 Pro 5G,54999,89.0,1,1,1,0,snapdragon,8,3.0,8,128.0,1,5000.0,6.7,Ultra HD,120.0,3,1,32.0,50.0,0.0,Android
realme,Realme Narzo N55,10999,73.0,1,0,0,0,mediatek,8,2.0,4,64.0,1,5000.0,6.72,Ultra HD,90.0,2,1,8.0,64.0,1024.0,Android
xiaomi,Xiaomi Redmi A2,6270,61.0,1,0,0,0,mediatek,8,2.2,2,32.0,1,5000.0,6.52,Quad HD,60.0,2,1,5.0,8.0,512.0,Android
xiaomi,Xiaomi Redmi Note 12 Pro (8GB RAM + 256GB),24945,82.0,1,1,0,1,mediatek,8,2.6,8,256.0,1,5000.0,6.67,Ultra HD,120.0,3,1,16.0,50.0,0.0,Android
apple,Apple iPhone 12,53999,74.0,1,1,1,0,bionic,6,3.1,4,64.0,1,2815.0,6.1,Ultra HD,60.0,2,1,12.0,12.0,0.0,iOS
vivo,Vivo Y100,23999,83.0,1,1,0,0,mediatek,8,2.4,8,128.0,1,4500.0,6.38,Ultra HD,90.0,3,1,16.0,64.0,128.0,Android
oneplus,OnePlus Nord 2T 5G,28900,84.0,1,1,1,0,mediatek,8,3.0,8,128.0,1,4500.0,6.43,Ultra HD,90.0,3,1,32.0,50.0,0.0,Android
samsung,Samsung Galaxy F23 5G,14499,78.0,1,1,1,0,snapdragon,8,2.2,4,128.0,1,5000.0,6.6,Ultra HD,120.0,3,1,8.0,50.0,1024.0,Android
xiaomi,Xiaomi Redmi A2 (4GB RAM + 64GB),7299,66.0,1,0,0,0,mediatek,8,2.2,4,64.0,1,5000.0,6.52,Quad HD,60.0,2,1,5.0,8.0,512.0,Android
poco,Poco X5 (8GB RAM + 256GB),17999,84.0,1,1,0,1,snapdragon,8,2.2,8,256.0,1,5000.0,6.67,Ultra HD,120.0,3,1,13.0,48.0,1024.0,Android
xiaomi,Xiaomi Redmi Note 12 (6GB RAM + 128GB),18999,80.0,1,1,0,1,snapdragon,8,2.0,6,128.0,1,5000.0,6.67,Ultra HD,120.0,3,1,13.0,48.0,1024.0,Android
realme,Realme C55,10999,73.0,1,0,0,0,mediatek,8,2.0,4,64.0,1,5000.0,6.72,Ultra HD,90.0,2,1,8.0,64.0,1024.0,Android
realme,Realme Narzo 60 Pro 5G,23999,82.0,1,1,0,0,mediatek,8,2.6,8,128.0,1,5000.0,6.7,Ultra HD,120.0,2,1,16.0,100.0,0.0,Android
oppo,OPPO Reno8 5G,26999,83.0,1,1,1,0,mediatek,8,3.0,8,128.0,1,4500.0,6.43,Ultra HD,90.0,3,1,32.0,50.0,0.0,Android
samsung,Samsung Galaxy M04,8338,66.0,1,0,0,0,mediatek,8,2.3,4,64.0,1,5000.0,6.5,Quad HD,60.0,2,1,5.0,13.0,1024.0,Android
motorola,Motorola Edge 30 Ultra,39899,,1,1,1,0,snapdragon,8,3.2,8,128.0,1,4610.0,6.67,Ultra HD,144.0,3,1,60.0,200.0,0.0,Android
oppo,OPPO A17,11900,72.0,1,0,0,0,mediatek,8,2.3,4,64.0,1,5000.0,6.56,Quad HD,60.0,2,1,5.0,50.0,1024.0,Android
samsung,Samsung Galaxy A23 5G,21999,79.0,1,1,0,0,snapdragon,8,2.2,6,128.0,1,5000.0,6.6,Ultra HD,120.0,4,1,8.0,50.0,1024.0,Android
samsung,Samsung Galaxy F13,9499,74.0,1,0,1,0,exynos,8,2.0,4,64.0,1,6000.0,6.6,Full HD,60.0,3,1,8.0,50.0,1024.0,Android
google,Google Pixel 7 Pro 5G,67999,89.0,1,1,1,0,tensor,8,2.85,12,128.0,1,5000.0,6.7,Ultra HD,120.0,3,1,10.8,50.0,0.0,Android
realme,Realme 10 Pro (8GB RAM + 128GB),18970,84.0,1,1,0,0,snapdragon,8,2.2,8,128.0,1,5000.0,6.72,Ultra HD,120.0,2,1,16.0,108.0,1024.0,Android
vivo,Vivo Y16 (4GB RAM + 64GB),11999,68.0,1,0,0,0,mediatek,8,2.3,4,64.0,1,5000.0,6.51,Quad HD,60.0,2,1,5.0,13.0,128.0,Android
realme,Realme 9i 5G,14299,75.0,1,1,0,0,mediatek,8,2.4,4,64.0,1,5000.0,6.6,Ultra HD,90.0,3,1,8.0,50.0,1024.0,Android
motorola,Motorola Edge 30 5G,24999,83.0,1,1,1,0,snapdragon,8,2.5,6,128.0,1,4020.0,6.5,Ultra HD,144.0,3,1,32.0,50.0,0.0,Android
itel,itel S23,8499,75.0,1,0,0,0,unisoc,8,1.6,8,128.0,1,5000.0,6.6,HD,90.0,2,1,8.0,50.0,512.0,Android
vivo,Vivo T2 5G (8GB RAM + 128GB),20999,82.0,1,1,0,0,snapdragon,8,2.2,8,128.0,1,4500.0,6.38,Ultra HD,90.0,2,1,16.0,64.0,1024.0,Android
samsung,Samsung Galaxy Z Flip 5,99999,88.0,0,1,1,0,snapdragon,8,3.2,8,256.0,1,3700.0,6.7,Ultra HD,120.0,2,1,10.0,12.0,0.0,Android
vivo,Vivo Y27 4G,14999,76.0,1,0,1,0,mediatek,8,2.0,6,128.0,1,5000.0,6.64,Ultra HD,60.0,2,1,8.0,50.0,128.0,Android
iqoo,iQOO Neo 7 Pro (12GB RAM + 256GB),37999,84.0,1,1,0,1,snapdragon,8,3.2,12,256.0,1,5000.0,6.78,Ultra HD,120.0,3,1,16.0,50.0,0.0,Android
samsung,Samsung Galaxy S21 FE (Snapdragon),49999,88.0,1,1,1,0,snapdragon,8,2.84,8,256.0,1,4500.0,6.4,Ultra HD,120.0,3,1,32.0,12.0,0.0,Android
motorola,Motorola Moto G32,10999,75.0,1,0,0,0,snapdragon,8,2.4,4,64.0,1,5000.0,6.55,Ultra HD,90.0,3,1,16.0,50.0,1024.0,Android
motorola,Motorola Moto G60,14999,84.0,1,0,1,0,snapdragon,8,2.3,6,128.0,1,6000.0,6.78,Ultra HD,120.0,3,1,32.0,108.0,1024.0,Android
vivo,Vivo V27 (12GB RAM + 256GB),36999,86.0,1,1,0,0,mediatek,8,2.8,12,256.0,1,4600.0,6.78,Ultra HD,120.0,3,1,50.0,50.0,0.0,Android
motorola,Motorola Moto G72 4G,14999,82.0,1,0,0,0,mediatek,8,2.2,6,128.0,1,5000.0,6.55,Ultra HD,120.0,3,1,16.0,108.0,128.0,Android
vivo,Vivo V25 5G,24990,83.0,1,1,0,0,mediatek,8,2.0,8,128.0,1,4500.0,6.44,Ultra HD,90.0,3,1,50.0,64.0,1024.0,Android
motorola,Motorola Moto E13 (4GB RAM + 64GB),7299,67.0,1,0,0,0,unisoc,8,2.0,4,64.0,1,5000.0,6.5,Quad HD,60.0,1,1,5.0,13.0,1024.0,Android
xiaomi,Xiaomi 13 Pro 5G,74990,,1,1,1,1,snapdragon,8,3.2,12,256.0,1,4820.0,6.73,Ultra HD,120.0,3,1,32.0,50.0,0.0,Android
samsung,Samsung Galaxy S21 FE 5G (8GB RAM + 256GB),49999,88.0,1,1,1,0,exynos,8,2.9,8,256.0,1,4500.0,6.4,Ultra HD,120.0,3,1,32.0,12.0,0.0,Android
xiaomi,Xiaomi Redmi 12C (6GB RAM + 128GB),10299,74.0,1,0,0,0,mediatek,8,2.0,6,128.0,0,5000.0,6.71,Quad HD,60.0,2,1,5.0,50.0,1024.0,Android
motorola,Motorola Edge 30 5G (8GB RAM + 128GB),22999,85.0,1,1,1,0,snapdragon,8,2.5,8,128.0,1,4020.0,6.5,Ultra HD,144.0,3,1,32.0,50.0,0.0,Android
samsung,Samsung Galaxy A53 5G (8GB RAM + 128GB),27499,89.0,1,1,1,0,exynos,8,2.4,8,128.0,1,5000.0,6.5,Ultra HD,120.0,4,1,32.0,64.0,1024.0,Android
motorola,Motorola Edge 30 Fusion 5G,34999,88.0,1,1,1,0,snapdragon,8,2.9,8,128.0,1,4400.0,6.55,Ultra HD,144.0,3,1,32.0,50.0,0.0,Android
xiaomi,Xiaomi Redmi Note 11,12180,76.0,1,0,0,1,snapdragon,8,2.4,4,64.0,1,5000.0,6.43,Ultra HD,90.0,4,1,13.0,50.0,512.0,Android
tecno,Tecno Camon 20,13827,83.0,1,0,0,0,mediatek,8,2.0,8,256.0,1,5000.0,6.67,Ultra HD,60.0,3,1,32.0,64.0,1024.0,Android
vivo,Vivo X90 5G,59999,89.0,1,1,1,1,mediatek,8,3.05,8,256.0,1,4810.0,6.78,Ultra HD,120.0,3,1,32.0,50.0,0.0,Android
samsung,Samsung Galaxy S22 Plus 5G,69999,87.0,1,1,1,0,snapdragon,8,3.0,8,128.0,1,4500.0,6.6,Ultra HD,120.0,3,1,10.0,50.0,0.0,Android
realme,Realme C55 (6GB RAM + 64GB),11455,75.0,1,0,0,0,mediatek,8,2.0,6,64.0,1,5000.0,6.72,Ultra HD,90.0,2,1,8.0,64.0,1024.0,Android
samsung,Samsung Galaxy A14 5G (8GB RAM + 128GB),19999,82.0,1,1,0,0,exynos,8,2.4,8,128.0,1,5000.0,6.6,Ultra HD,90.0,3,1,13.0,50.0,1024.0,Android
samsung,Samsung Galaxy M33 5G (8GB RAM + 128GB),17379,84.0,1,1,1,0,exynos,8,2.4,8,128.0,1,6000.0,6.6,Ultra HD,120.0,4,1,8.0,50.0,1024.0,Android
realme,Realme 11 Pro (12GB RAM + 256GB),26578,86.0,1,1,1,0,mediatek,8,2.6,12,256.0,1,5000.0,6.7,Ultra HD,120.0,2,1,16.0,100.0,0.0,Android
iqoo,iQOO Z7 5G (8GB RAM + 128GB),23990,84.0,1,1,0,0,mediatek,8,2.5,8,128.0,1,4500.0,6.38,Ultra HD,90.0,2,1,16.0,64.0,1024.0,Android
realme,Realme 10 (8GB RAM + 128GB),14999,79.0,1,0,0,0,mediatek,8,2.2,8,128.0,1,5000.0,6.4,Ultra HD,90.0,2,1,16.0,50.0,1024.0,Android
realme,Realme 10 Pro Plus (8GB RAM + 128GB),23999,84.0,1,1,0,0,mediatek,8,2.6,8,128.0,1,5000.0,6.7,Ultra HD,120.0,3,1,16.0,108.0,0.0,Android
samsung,Samsung Galaxy A34 5G (8GB RAM + 256GB),32999,87.0,1,1,1,0,mediatek,8,2.6,8,256.0,1,5000.0,6.6,Ultra HD,120.0,3,1,13.0,48.0,1024.0,Android
infinix,Infinix Zero 5G 2023 Turbo,16999,85.0,1,1,0,0,mediatek,8,2.6,8,256.0,1,5000.0,6.78,Ultra HD,120.0,3,1,16.0,50.0,256.0,Android
xiaomi,Xiaomi Redmi 11 Prime 5G,12999,74.0,1,1,0,1,mediatek,8,2.2,4,64.0,1,5000.0,6.58,Ultra HD,90.0,2,1,5.0,50.0,512.0,Android
oppo,OPPO A57 4G (4GB RAM + 64 GB),12990,69.0,1,0,0,0,mediatek,8,2.3,4,64.0,1,5000.0,6.56,Quad HD,60.0,2,1,8.0,13.0,128.0,Android
vivo,Vivo T1 44W (6GB RAM + 128GB),15999,79.0,1,0,0,0,snapdragon,8,2.4,6,128.0,1,5000.0,6.44,Ultra HD,60.0,3,1,16.0,50.0,1024.0,Android
motorola,Motorola Moto E32,7999,71.0,1,0,0,0,mediatek,8,2.3,4,64.0,1,5000.0,6.5,Quad HD,90.0,2,1,8.0,50.0,1024.0,Android
samsung,Samsung Galaxy S22 5G,53000,86.0,1,1,1,0,snapdragon,8,3.0,8,128.0,1,3700.0,6.1,Ultra HD,120.0,3,1,10.0,50.0,0.0,Android
tecno,Tecno Camon 20 Pro 5G (8GB RAM + 256GB),21837,86.0,1,1,1,0,mediatek,8,3.0,8,256.0,1,5000.0,6.67,Ultra HD,120.0,3,1,32.0,64.0,0.0,Android
vivo,Vivo Y02t 4G,9999,64.0,1,0,0,0,mediatek,8,2.3,4,64.0,1,5000.0,6.51,Quad HD,60.0,1,1,5.0,8.0,1024.0,Android
itel,Itel P40 Plus,8499,63.0,1,0,0,0,unisoc,8,2.0,4,128.0,1,7000.0,6.8,Quad HD,90.0,2,1,8.0,13.0,1024.0,Android
poco,POCO M2 Pro,9999,76.0,1,0,0,1,snapdragon,8,2.3,4,64.0,1,5000.0,6.67,Ultra HD,60.0,4,1,16.0,48.0,512.0,Android
xiaomi,Xiaomi Redmi Note 12 Pro (12GB RAM + 256GB),28999,83.0,1,1,0,1,mediatek,8,2.6,12,256.0,1,5000.0,6.67,Ultra HD,120.0,3,1,16.0,50.0,0.0,Android
samsung,Samsung Galaxy S23 Ultra (12GB RAM + 512GB),120500,,1,1,1,0,snapdragon,8,3.36,12,512.0,1,5000.0,6.8,Ultra HD,120.0,4,1,12.0,200.0,0.0,Android
xiaomi,Xiaomi Redmi K50i (8GB RAM + 256GB),23999,85.0,1,1,0,1,mediatek,8,2.85,8,256.0,1,5080.0,6.6,Ultra HD,144.0,3,1,16.0,64.0,0.0,Android
infinix,Infinix Smart 7,6999,64.0,1,0,0,0,unisoc,8,1.6,4,64.0,0,6000.0,6.6,Quad HD,60.0,2,1,5.0,13.0,2048.0,Android
samsung,Samsung Galaxy M53 5G (8GB RAM + 128GB),25999,87.0,1,1,0,0,mediatek,8,2.4,8,128.0,1,5000.0,6.7,Ultra HD,120.0,4,1,32.0,108.0,1024.0,Android
xiaomi,Xiaomi Mi 11X,21490,80.0,1,1,0,1,snapdragon,8,3.2,6,128.0,1,4520.0,6.67,Ultra HD,120.0,3,1,20.0,48.0,0.0,Android
samsung,Samsung Galaxy Z Flip 3,44999,83.0,1,1,1,0,snapdragon,8,2.84,8,128.0,1,3300.0,6.7,Ultra HD,120.0,2,1,10.0,12.0,0.0,Android
tecno,Tecno Camon 20 Premier,29999,89.0,1,1,1,0,mediatek,8,3.0,8,512.0,1,5000.0,6.67,Ultra HD,120.0,3,1,32.0,108.0,0.0,Android
xiaomi,Xiaomi Redmi Note 12 Pro (8GB RAM + 128GB),24999,82.0,1,1,0,1,mediatek,8,2.6,8,128.0,1,5000.0,6.67,Ultra HD,120.0,3,1,16.0,50.0,0.0,Android
vivo,Vivo Y35,16999,80.0,1,0,0,0,snapdragon,8,2.4,8,128.0,1,5000.0,6.58,Ultra HD,90.0,3,1,16.0,50.0,1024.0,Android
iqoo,iQOO 9 Pro 5G,39990,87.0,1,1,1,0,snapdragon,8,3.0,8,256.0,1,4700.0,6.78,Ultra HD,120.0,3,1,16.0,50.0,0.0,Android
apple,Apple iPhone 11 (128GB),42999,75.0,1,0,1,0,bionic,6,2.65,4,128.0,0,3110.0,6.1,Quad HD,60.0,2,1,12.0,12.0,0.0,iOS
poco,Poco F5 (12GB RAM + 256GB),29999,85.0,1,1,0,1,snapdragon,8,2.91,12,256.0,1,5000.0,6.67,Ultra HD,120.0,3,1,16.0,64.0,0.0,Android
vivo,Vivo Y36 4G,16999,80.0,1,0,0,0,snapdragon,8,2.4,8,128.0,1,5000.0,6.64,Ultra HD,90.0,2,1,16.0,50.0,1024.0,Android
samsung,Samsung Galaxy A54 5G (8GB RAM + 256GB),40999,89.0,1,1,1,0,exynos,8,2.4,8,256.0,1,5000.0,6.4,Ultra HD,120.0,3,1,32.0,50.0,1024.0,Android
ikall,iKall S1 Plus,9999,66.0,1,0,0,0,unisoc,4,1.6,6,128.0,0,6000.0,6.8,Quad HD,60.0,3,1,8.0,13.0,128.0,Android
xiaomi,Xiaomi Redmi Note 12 Pro Plus (12GB RAM + 256GB),32490,87.0,1,1,0,1,mediatek,8,2.6,12,256.0,1,4980.0,6.67,Ultra HD,120.0,3,1,16.0,200.0,0.0,Android
motorola,Motorola Moto E13,6499,64.0,1,0,0,0,unisoc,8,2.0,2,64.0,1,5000.0,6.5,Quad HD,60.0,1,1,5.0,13.0,1024.0,Android
infinix,Infinix Hot 20,11499,75.0,1,1,0,0,mediatek,8,2.4,4,64.0,1,5000.0,6.6,Ultra HD,120.0,2,1,8.0,50.0,1024.0,Android
motorola,Motorola Moto G82 (8GB RAM + 128GB),21449,86.0,1,1,1,0,snapdragon,8,2.2,8,128.0,1,5000.0,6.6,Ultra HD,120.0,3,1,16.0,50.0,1024.0,Android
poco,Poco M4 5G,12999,75.0,1,1,0,1,mediatek,8,2.2,4,64.0,1,5000.0,6.58,Ultra HD,90.0,2,1,8.0,50.0,512.0,Android
samsung,Samsung Galaxy M52 5G,28999,83.0,1,1,1,0,snapdragon,8,2.4,6,128.0,1,5000.0,6.7,Ultra HD,120.0,3,1,32.0,64.0,1024.0,Android
tecno,Tecno Spark 10 5G (8GB RAM + 128GB),13948,79.0,1,1,1,0,mediatek,8,2.2,8,128.0,1,5000.0,6.56,Quad HD,90.0,2,1,8.0,50.0,1024.0,Android
ikall,iKall Z19 Pro,7799,60.0,1,0,0,0,mediatek,4,1.6,4,64.0,0,5000.0,6.5,Quad HD,60.0,1,1,8.0,13.0,128.0,Android
vivo,Vivo Y22 (6GB RAM + 128GB),15499,75.0,1,0,0,0,mediatek,8,2.0,6,128.0,1,5000.0,6.55,Quad HD,60.0,2,1,8.0,50.0,1024.0,Android
realme,Realme Narzo 50 Pro 5G (8GB RAM + 128GB),19499,83.0,1,1,0,0,mediatek,8,2.5,8,128.0,1,5000.0,6.4,Ultra HD,90.0,3,1,16.0,48.0,1024.0,Android
samsung,Samsung Galaxy A73 5G (8GB RAM + 256GB),40499,,1,1,1,0,snapdragon,8,2.4,8,256.0,1,5000.0,6.7,Ultra HD,120.0,4,1,32.0,108.0,1024.0,Android
samsung,Samsung Galaxy M13 5G,14199,75.0,1,1,0,0,mediatek,8,2.2,6,128.0,1,5000.0,6.5,Quad HD,90.0,2,1,5.0,50.0,1024.0,Android
xiaomi,Xiaomi Redmi Note 11 (6GB RAM + 128GB),13937,80.0,1,0,0,1,snapdragon,8,2.4,6,128.0,1,5000.0,6.43,Ultra HD,90.0,4,1,13.0,50.0,512.0,Android
samsung,Samsung Galaxy A23,18499,79.0,1,0,0,0,snapdragon,8,2.4,6,128.0,1,5000.0,6.6,Ultra HD,60.0,4,1,8.0,50.0,1024.0,Android
vivo,Vivo Y100A (8GB RAM + 256GB),25999,83.0,1,1,0,0,snapdragon,8,2.2,8,256.0,1,4500.0,6.38,Ultra HD,90.0,3,1,16.0,64.0,128.0,Android
samsung,Samsung Galaxy A34 5G (8GB RAM + 128GB),30999,86.0,1,1,1,0,mediatek,8,2.6,8,128.0,1,5000.0,6.6,Ultra HD,120.0,3,1,13.0,48.0,1024.0,Android
xiaomi,Xiaomi Redmi 11 Prime (6GB RAM + 128GB),10499,76.0,1,0,0,1,mediatek,8,2.2,6,128.0,1,5000.0,6.58,Ultra HD,90.0,3,1,8.0,50.0,512.0,Android
poco,Poco C50,5499,,1,0,0,0,mediatek,4,2.0,2,32.0,1,5000.0,6.52,Quad HD,60.0,2,1,5.0,8.0,512.0,Android
infinix,Infinix Note 12 Pro 5G,18999,84.0,1,1,0,0,mediatek,8,2.4,8,128.0,1,5000.0,6.7,Ultra HD,60.0,3,1,16.0,108.0,2048.0,Android
realme,Realme Narzo 50 5G (4GB RAM + 64GB),13999,75.0,1,1,0,0,mediatek,8,2.4,4,64.0,1,5000.0,6.6,Ultra HD,90.0,3,1,16.0,48.0,1024.0,Android
iqoo,iQOO 11 5G,54990,87.0,1,1,1,0,snapdragon,8,3.2,8,256.0,1,5000.0,6.78,Ultra HD,144.0,3,1,16.0,50.0,0.0,Android
realme,Realme GT 2 (12GB RAM + 256GB),28999,86.0,1,1,1,0,snapdragon,8,2.84,12,256.0,1,5000.0,6.62,Ultra HD,120.0,3,1,16.0,50.0,0.0,Android
apple,Apple iPhone 13 (256GB),68499,79.0,1,1,1,0,bionic,6,3.22,4,256.0,1,3240.0,6.1,Ultra HD,60.0,2,1,12.0,12.0,0.0,iOS
iqoo,iQOO Z7s (8GB RAM + 128GB),19999,82.0,1,1,0,0,snapdragon,8,2.2,8,128.0,1,4500.0,6.38,Ultra HD,90.0,2,1,16.0,64.0,1024.0,Android
nothing,Nothing Phone 2 (12GB RAM + 256GB),49999,89.0,1,1,1,0,snapdragon,8,3.2,12,256.0,1,4700.0,6.7,Ultra HD,120.0,2,1,32.0,50.0,0.0,Android
infinix,Infinix Hot 30i (4GB RAM+ 64GB),7759,71.0,1,0,0,0,mediatek,8,2.3,4,64.0,1,5000.0,6.6,Quad HD,90.0,2,1,8.0,50.0,1024.0,Android
lava,Lava Blaze 5G,10999,73.0,1,1,0,0,mediatek,8,2.2,4,128.0,0,5000.0,6.5,HD,90.0,3,1,8.0,50.0,1024.0,Android
apple,Apple iPhone 14 Pro Max (1TB),177999,87.0,1,1,1,0,bionic,6,3.46,6,1000.0,1,4323.0,6.7,Ultra HD,120.0,3,1,12.0,48.0,0.0,iOS
oppo,OPPO A17K,9327,62.0,1,0,0,0,mediatek,8,2.3,3,64.0,0,5000.0,6.56,Quad HD,60.0,1,1,5.0,8.0,1024.0,Android
vivo,Vivo V25 Pro (12GB RAM + 256GB),30780,86.0,1,1,0,0,mediatek,8,3.0,12,256.0,1,4830.0,6.56,Ultra HD,120.0,3,1,32.0,64.0,0.0,Android
realme,Realme C33,8999,64.0,1,0,0,0,unisoc,8,1.8,3,32.0,0,5000.0,6.5,Quad HD,60.0,2,1,5.0,50.0,1024.0,Android
samsung,Samsung Galaxy M13,12899,75.0,1,0,0,0,exynos,8,2.0,6,128.0,1,6000.0,6.6,Ultra HD,60.0,3,1,8.0,50.0,1024.0,Android
poco,Poco X4 Pro 5G (8GB RAM + 128GB),21999,84.0,1,1,0,1,snapdragon,8,2.2,8,128.0,1,5000.0,6.67,Ultra HD,120.0,3,1,16.0,64.0,1024.0,Android
realme,Realme GT Neo2 5G (12GB RAM + 256GB),35999,83.0,1,1,1,0,snapdragon,8,3.2,12,256.0,1,5000.0,6.62,Full HD,120.0,3,1,16.0,64.0,0.0,Android
xiaomi,Xiaomi Redmi 10 (6GB RAM + 128GB),10999,75.0,1,0,0,0,snapdragon,8,2.4,6,128.0,1,6000.0,6.7,Quad HD,60.0,2,1,5.0,50.0,512.0,Android
itel,itel A60s,6499,,1,0,0,0,unisoc,8,1.3,4,64.0,1,5000.0,6.6,Quad HD,60.0,2,1,5.0,8.0,1024.0,Android
apple,Apple iPhone 14 Pro Max (256GB),143990,86.0,1,1,1,0,bionic,6,3.46,6,256.0,1,4323.0,6.7,Ultra HD,120.0,3,1,12.0,48.0,0.0,iOS
tecno,Tecno Camon 19 Neo,9999,77.0,1,0,1,0,mediatek,8,2.0,6,128.0,1,5000.0,6.8,Ultra HD,90.0,3,1,32.0,48.0,0.0,Android
xiaomi,Xiaomi Redmi Note 11S,12999,80.0,1,0,0,1,mediatek,8,2.05,6,64.0,1,5000.0,6.43,Ultra HD,90.0,4,1,16.0,108.0,512.0,Android
xiaomi,Xiaomi Mi 11i 5G,20990,81.0,1,1,0,1,mediatek,8,2.5,6,128.0,1,5160.0,6.67,Full HD,120.0,3,1,16.0,108.0,1024.0,Android
samsung,Samsung Galaxy S20 FE,26549,86.0,1,0,1,0,exynos,8,2.73,8,128.0,1,4500.0,6.5,Ultra HD,120.0,3,1,32.0,12.0,1024.0,Android
nokia,Nokia C32,8999,68.0,1,0,0,0,unisoc,8,1.6,4,64.0,0,5000.0,6.52,Quad HD,60.0,2,1,8.0,50.0,256.0,Android
poco,Poco M5 (6GB RAM + 128GB),10499,77.0,1,0,0,1,mediatek,8,2.2,6,128.0,1,5000.0,6.58,Ultra HD,90.0,3,1,8.0,50.0,512.0,Android
infinix,Infinix Zero Ultra,29999,88.0,1,1,0,0,mediatek,8,2.5,8,256.0,1,4500.0,6.8,Ultra HD,120.0,3,1,32.0,200.0,0.0,Android
realme,Realme GT Neo 3T,34999,79.0,1,1,0,0,snapdragon,8,3.2,6,128.0,1,5000.0,6.62,Ultra HD,120.0,3,1,16.0,64.0,0.0,Android
samsung,Samsung Galaxy A33 5G,25499,82.0,1,1,1,0,exynos,8,2.4,6,128.0,1,5000.0,6.4,Ultra HD,90.0,4,1,13.0,48.0,1024.0,Android
poco,Poco M4 Pro 5G,14999,76.0,1,1,0,1,mediatek,8,2.4,4,64.0,1,5000.0,6.6,Ultra HD,90.0,2,1,16.0,50.0,1024.0,Android
realme,Realme Narzo 50 Pro 5G,18999,81.0,1,1,0,0,mediatek,8,2.5,6,128.0,1,5000.0,6.4,Ultra HD,90.0,3,1,16.0,48.0,256.0,Android
apple,Apple iPhone 12 (128GB),56990,75.0,1,1,1,0,bionic,6,3.1,4,128.0,1,2815.0,6.1,Ultra HD,60.0,2,1,12.0,12.0,0.0,iOS
tecno,Tecno Spark 10 5G (8GB RAM + 256GB),14999,80.0,1,1,1,0,mediatek,8,2.2,8,256.0,1,5000.0,6.56,Quad HD,90.0,2,1,8.0,50.0,1024.0,Android
vivo,Vivo Y100A,23799,82.0,1,1,0,0,snapdragon,8,2.2,8,128.0,1,4500.0,6.38,Ultra HD,90.0,3,1,16.0,64.0,128.0,Android
infinix,Infinix Smart 7 (4GB + 128 GB),7799,65.0,1,0,0,0,unisoc,8,1.6,4,128.0,0,6000.0,6.6,Quad HD,60.0,2,1,5.0,13.0,2048.0,Android
samsung,Samsung Galaxy M04 (4GB RAM + 128GB),8099,68.0,1,0,0,0,mediatek,8,2.3,4,128.0,1,5000.0,6.5,Quad HD,60.0,2,1,5.0,13.0,1024.0,Android
oppo,OPPO F21s Pro 4G,18400,82.0,1,0,0,0,snapdragon,8,2.4,8,128.0,1,4500.0,6.43,Ultra HD,90.0,3,1,32.0,64.0,512.0,Android
xiaomi,Xiaomi Redmi 11 Prime 5G (6GB RAM + 128GB),14999,77.0,1,1,0,1,mediatek,8,2.2,6,128.0,1,5000.0,6.58,Ultra HD,90.0,2,1,5.0,50.0,512.0,Android
realme,Realme C30s,6489,,1,0,0,0,unisoc,8,1.6,2,32.0,1,5000.0,6.5,Quad HD,60.0,1,1,5.0,8.0,1024.0,Android
oppo,OPPO A77s,14499,76.0,1,0,0,0,snapdragon,8,2.4,8,128.0,1,5000.0,6.56,Quad HD,90.0,2,1,8.0,50.0,128.0,Android
infinix,Infinix Zero 20,15499,87.0,1,0,1,0,mediatek,8,2.2,8,128.0,1,4500.0,6.7,Ultra HD,90.0,3,1,60.0,108.0,2048.0,Android
nokia,Nokia G11 Plus,8999,70.0,1,0,0,0,unisoc,8,1.6,4,64.0,1,5000.0,6.52,Quad HD,90.0,2,1,8.0,50.0,512.0,Android
realme,Realme 9 Pro Plus 5G (8GB RAM + 256GB),28999,82.0,1,1,0,0,mediatek,8,2.5,8,256.0,1,4500.0,6.4,Ultra HD,90.0,3,1,16.0,50.0,0.0,Android
vivo,Vivo V23 Pro 5G,31500,85.0,1,1,0,0,mediatek,8,3.0,8,128.0,1,4300.0,6.56,Ultra HD,90.0,3,2,50.0,108.0,0.0,Android
realme,Realme GT 5G,38779,85.0,1,1,1,0,snapdragon,8,2.84,8,128.0,1,4500.0,6.43,Ultra HD,120.0,3,1,16.0,64.0,0.0,Android
xiaomi,Xiaomi Mi 10i,17980,84.0,1,1,0,1,snapdragon,8,2.2,6,128.0,1,4820.0,6.67,Ultra HD,120.0,4,1,16.0,108.0,512.0,Android
motorola,Motorola Razr 40 Ultra,89999,89.0,1,1,1,0,snapdragon,8,3.2,8,256.0,1,3800.0,6.9,Ultra HD,165.0,2,1,32.0,13.0,0.0,Android
apple,Apple iPhone 14 (256GB),74999,81.0,1,1,1,0,bionic,6,3.22,6,256.0,1,3279.0,6.1,Ultra HD,60.0,2,1,12.0,12.0,0.0,iOS
realme,Realme 9i 5G (6GB RAM + 128GB),16299,78.0,1,1,0,0,mediatek,8,2.4,6,128.0,1,5000.0,6.6,Ultra HD,90.0,3,1,8.0,50.0,1024.0,Android
samsung,Samsung Galaxy M13 5G (4GB RAM + 64GB),12475,71.0,1,1,0,0,mediatek,8,2.2,4,64.0,1,5000.0,6.5,Quad HD,90.0,2,1,5.0,50.0,1024.0,Android
tecno,Tecno Spark 10C,9918,72.0,1,0,0,0,unisoc,8,2.0,8,128.0,1,5000.0,6.6,Quad HD,90.0,2,1,8.0,16.0,128.0,Android
vivo,Vivo X90 Pro 5G,84999,,1,1,1,1,mediatek,8,3.05,12,256.0,1,4870.0,6.78,Ultra HD,120.0,3,1,32.0,50.0,0.0,Android
poco,Poco M4 5G (6GB RAM + 128GB),14485,79.0,1,1,0,1,mediatek,8,2.2,6,128.0,1,5000.0,6.58,Ultra HD,90.0,2,1,8.0,50.0,512.0,Android
realme,Realme GT Neo 3 5G (8GB RAM + 256GB),25699,83.0,1,1,1,0,mediatek,8,2.85,8,256.0,1,5000.0,6.7,Ultra HD,120.0,3,1,16.0,50.0,0.0,Android
vivo,Vivo X80 Pro 5G,59990,,1,1,1,0,snapdragon,8,3.0,12,256.0,1,4700.0,6.78,Ultra HD,120.0,4,1,32.0,50.0,0.0,Android
poco,Poco X4 Pro 5G,18999,80.0,1,1,0,1,snapdragon,8,2.2,6,64.0,1,5000.0,6.67,Ultra HD,120.0,3,1,16.0,64.0,1024.0,Android
xiaomi,Xiaomi Redmi Note 10S,13990,78.0,1,0,0,1,mediatek,8,2.05,6,64.0,1,5000.0,6.43,Ultra HD,60.0,4,1,13.0,64.0,512.0,Android
ikall,iKall K333 Plus,3799,,1,0,0,0,mediatek,4,1.3,2,16.0,0,3000.0,2.8,FWVGA,60.0,1,1,2.0,2.0,128.0,Android
xiaomi,Xiaomi Redmi 12C (4GB RAM + 128GB),9299,72.0,1,0,0,0,mediatek,8,2.0,4,128.0,0,5000.0,6.71,Quad HD,60.0,2,1,5.0,50.0,1024.0,Android
samsung,Samsung Galaxy S23 (8GB RAM + 256GB),79999,88.0,1,1,1,0,snapdragon,8,3.36,8,256.0,1,3900.0,6.1,Ultra HD,120.0,3,1,12.0,50.0,0.0,Android
vivo,Vivo Y02 (2GB RAM + 32GB),7999,,1,0,0,0,mediatek,8,2.0,2,32.0,1,5000.0,6.51,Quad HD,60.0,1,1,5.0,8.0,1024.0,Android
tecno,Tecno Phantom X2,36999,85.0,1,1,1,0,mediatek,8,3.05,8,256.0,1,5160.0,6.8,Ultra HD,120.0,3,1,32.0,64.0,0.0,Android
realme,Realme C33 (4GB RAM + 64GB),9999,67.0,1,0,0,0,unisoc,8,1.8,4,64.0,0,5000.0,6.5,Quad HD,60.0,2,1,5.0,50.0,1024.0,Android
samsung,Samsung Galaxy A53 (8GB RAM + 256GB),30999,89.0,1,1,1,0,exynos,8,2.4,8,256.0,1,5000.0,6.5,Ultra HD,120.0,4,1,32.0,64.0,1024.0,Android
samsung,Samsung Galaxy F13 (4GB RAM + 128GB),10499,75.0,1,0,1,0,exynos,8,2.0,4,128.0,1,6000.0,6.6,Full HD,60.0,3,1,8.0,50.0,1024.0,Android
iqoo,iQOO 9T 5G,36999,85.0,1,1,1,1,snapdragon,8,3.2,8,128.0,1,4700.0,6.78,Ultra HD,120.0,3,1,16.0,50.0,0.0,Android
oneplus,OnePlus 10R 5G (12GB RAM + 256GB),35499,85.0,1,1,1,0,mediatek,8,2.85,12,256.0,1,5000.0,6.7,Ultra HD,120.0,3,1,16.0,50.0,0.0,Android
realme,Realme C35,11999,70.0,1,0,0,0,unisoc,8,1.8,4,64.0,1,5000.0,6.6,Ultra HD,60.0,3,1,8.0,50.0,1024.0,Android
xiaomi,Xiaomi Redmi Note 11 Pro Plus 5G,21990,83.0,1,1,0,1,snapdragon,8,2.2,6,128.0,1,5000.0,6.67,Ultra HD,120.0,3,1,16.0,108.0,1024.0,Android
xiaomi,Xiaomi Mi 11 Lite NE 5G,20481,83.0,1,1,1,1,snapdragon,8,2.4,6,128.0,1,4250.0,6.55,Ultra HD,90.0,3,1,20.0,64.0,128.0,Android
samsung,Samsung Galaxy F62 (8GB RAM + 128GB),30999,87.0,1,0,1,0,exynos,8,2.73,8,128.0,1,7000.0,6.7,Ultra HD,60.0,4,1,32.0,64.0,1024.0,Android
iqoo,iQOO 9 5G,29990,84.0,1,1,0,0,snapdragon,8,2.9,8,128.0,1,4350.0,6.56,Ultra HD,120.0,3,1,16.0,48.0,0.0,Android
samsung,Samsung Galaxy S21 Ultra,105999,,1,1,1,0,exynos,8,2.9,12,256.0,1,5000.0,6.8,Ultra HD,120.0,4,1,40.0,108.0,0.0,Android
oneplus,OnePlus 8 Pro (12GB RAM + 256GB),43899,,1,1,1,0,snapdragon,8,2.84,12,256.0,1,4510.0,6.78,Ultra HD,120.0,4,1,16.0,48.0,0.0,Android
samsung,Samsung Galaxy Note 10 Plus,54690,89.0,1,0,1,0,exynos,8,2.73,12,256.0,1,4300.0,6.8,Ultra HD,60.0,4,1,10.0,12.0,1024.0,Android
samsung,Samsung Galaxy Z Fold 5 (12GB RAM + 512GB),164999,,1,1,1,0,snapdragon,8,3.36,12,512.0,1,4400.0,7.6,Ultra HD,120.0,3,2,10.0,50.0,0.0,Android
ikall,iKall K333 4G,3689,,1,0,0,0,mediatek,4,1.3,2,16.0,0,3000.0,2.8,FWVGA,60.0,1,1,2.0,2.0,128.0,Android
infinix,Infinix Smart 7 HD,5999,61.0,1,0,0,0,unisoc,8,1.6,2,64.0,1,5000.0,6.6,Quad HD,60.0,2,1,5.0,8.0,1024.0,Android
vivo,Vivo Y16 (4GB RAM + 128GB),12650,69.0,1,0,0,0,mediatek,8,2.3,4,128.0,1,5000.0,6.51,Quad HD,60.0,2,1,5.0,13.0,128.0,Android
xiaomi,Xiaomi Redmi Note 12 4G (6GB RAM + 128GB),15999,80.0,1,0,0,1,snapdragon,8,2.8,6,128.0,1,5000.0,6.67,Ultra HD,120.0,3,1,13.0,50.0,1024.0,Android
vivo,Vivo V27 Pro (8GB RAM + 256GB),39999,85.0,1,1,0,0,mediatek,8,3.1,8,256.0,1,4600.0,6.78,Ultra HD,120.0,3,1,50.0,50.0,0.0,Android
apple,Apple iPhone 14 Plus (256GB),92990,82.0,1,1,1,0,bionic,6,3.22,6,256.0,1,4325.0,6.7,Ultra HD,60.0,2,1,12.0,12.0,0.0,iOS
oneplus,OnePlus 10T,45990,85.0,1,1,1,0,snapdragon,8,3.2,8,128.0,1,4800.0,6.7,Ultra HD,120.0,3,1,16.0,50.0,0.0,Android
vivo,Vivo T1 44W,14499,77.0,1,0,0,0,snapdragon,8,2.4,4,128.0,1,5000.0,6.44,Ultra HD,60.0,3,1,16.0,50.0,1024.0,Android
xiaomi,Xiaomi 12 Pro 5G (12GB RAM + 256GB),44999,89.0,1,1,1,1,snapdragon,8,3.0,12,256.0,1,4600.0,6.73,Ultra HD,120.0,3,1,32.0,50.0,0.0,Android
xiaomi,Xiaomi Redmi Note 11T 5G (6GB RAM + 128GB),16499,81.0,1,1,0,1,mediatek,8,2.4,6,128.0,1,5000.0,6.6,Ultra HD,90.0,2,1,16.0,50.0,1024.0,Android
apple,Apple iPhone 13 Mini,62199,79.0,1,1,1,0,bionic,6,3.22,4,128.0,1,2438.0,5.4,Ultra HD,60.0,2,1,12.0,12.0,0.0,iOS
samsung,Samsung Galaxy S21,69999,88.0,1,1,1,0,exynos,8,2.9,8,128.0,1,4000.0,6.2,Ultra HD,120.0,3,1,10.0,64.0,0.0,Android
samsung,Samsung Galaxy Z Fold 5 (12GB RAM + 1TB),184999,,1,1,1,0,snapdragon,8,3.36,12,1000.0,1,4400.0,7.6,Ultra HD,120.0,3,2,10.0,50.0,0.0,Android
nokia,Nokia C32 (4GB RAM + 128 GB),9099,69.0,1,0,0,0,unisoc,8,1.6,4,128.0,0,5000.0,6.52,Quad HD,60.0,2,1,8.0,50.0,256.0,Android
motorola,Motorola Razr 40,59999,88.0,1,1,1,0,snapdragon,8,2.4,8,128.0,1,4200.0,6.9,Ultra HD,144.0,2,1,32.0,64.0,0.0,Android
xiaomi,Xiaomi Redmi A2 Plus,7999,66.0,1,0,0,0,mediatek,8,2.2,4,64.0,1,5000.0,6.52,Quad HD,60.0,2,1,5.0,8.0,1024.0,Android
samsung,Samsung Galaxy A23 5G (8GB RAM + 128GB),23999,81.0,1,1,0,0,snapdragon,8,2.2,8,128.0,1,5000.0,6.6,Ultra HD,120.0,4,1,8.0,50.0,1024.0,Android
vivo,Vivo Y02,8499,,1,0,0,0,mediatek,8,2.0,3,32.0,1,5000.0,6.51,Quad HD,60.0,1,1,5.0,8.0,1024.0,Android
nokia,Nokia C31,7899,62.0,1,0,0,0,unisoc,8,1.6,3,32.0,1,5050.0,6.74,Quad HD,60.0,3,1,5.0,13.0,256.0,Android
samsung,Samsung Galaxy M13 (4GB RAM + 64GB),9499,71.0,1,0,0,0,exynos,8,2.0,4,64.0,1,6000.0,6.6,Ultra HD,60.0,3,1,8.0,50.0,1024.0,Android
vivo,Vivo T1 Pro 5G (8GB RAM + 128GB),24999,84.0,1,1,0,0,snapdragon,8,2.4,8,128.0,1,4700.0,6.44,Ultra HD,90.0,3,1,16.0,64.0,1024.0,Android
xiaomi,Xiaomi Redmi 10A (4GB RAM + 64GB),8499,66.0,1,0,0,0,mediatek,8,2.0,4,64.0,0,5000.0,6.53,Quad HD,60.0,1,1,5.0,13.0,512.0,Android
samsung,Samsung Galaxy A13,13979,75.0,1,0,0,0,exynos,8,2.0,4,64.0,1,5000.0,6.6,Ultra HD,60.0,4,1,8.0,50.0,1024.0,Android
xiaomi,Xiaomi Mi 11T Pro 5G,31990,86.0,1,1,1,1,snapdragon,8,2.84,8,128.0,1,5000.0,6.67,Ultra HD,120.0,3,1,16.0,108.0,0.0,Android
apple,Apple iPhone SE 3 2022,43900,,1,1,1,0,bionic,6,3.22,4,64.0,1,2018.0,4.7,Full HD+,60.0,1,1,7.0,12.0,0.0,iOS
oneplus,OnePlus 9 Pro (12GB RAM + 256GB),47990,89.0,1,1,1,0,snapdragon,8,2.84,12,256.0,1,4500.0,6.7,Ultra HD,120.0,4,1,16.0,48.0,0.0,Android
xiaomi,Xiaomi Redmi 9A,7498,61.0,1,0,0,0,mediatek,8,2.0,2,32.0,0,5000.0,6.53,Quad HD,60.0,1,1,5.0,13.0,512.0,Android
realme,Realme Narzo 60 Pro (12GB RAM + 256GB),26999,83.0,1,1,0,0,mediatek,8,2.6,12,256.0,1,5000.0,6.7,Ultra HD,120.0,2,1,16.0,100.0,0.0,Android
vivo,Vivo X90 (12GB RAM + 256GB),63999,89.0,1,1,1,1,mediatek,8,3.05,12,256.0,1,4810.0,6.78,Ultra HD,120.0,3,1,32.0,50.0,0.0,Android
tecno,Tecno Spark Go 2023 (4GB RAM + 64GB),7870,65.0,1,0,0,0,mediatek,4,2.0,4,64.0,1,5000.0,6.56,Quad HD,60.0,2,1,5.0,13.0,256.0,Android
itel,Itel P40,7050,61.0,1,0,0,0,unisoc,8,1.6,4,64.0,1,6000.0,6.6,Quad HD,60.0,2,1,5.0,13.0,512.0,Android
iqoo,iQOO Neo 7 (12GB RAM + 256GB),31999,84.0,1,1,0,1,mediatek,8,3.1,12,256.0,1,5000.0,6.78,Ultra HD,120.0,3,1,16.0,64.0,0.0,Android
oppo,OPPO F21s Pro,22840,82.0,1,1,0,0,snapdragon,8,2.2,8,128.0,1,4500.0,6.43,Ultra HD,60.0,3,1,16.0,64.0,512.0,Android
nokia,Nokia X30 5G,36999,86.0,1,1,1,0,snapdragon,8,2.2,8,256.0,1,4200.0,6.43,Ultra HD,90.0,2,1,16.0,50.0,0.0,Android
nothing,Nothing Phone 1 (12GB RAM + 256GB),35999,87.0,1,1,1,0,snapdragon,8,2.5,12,256.0,1,4500.0,6.55,Ultra HD,120.0,2,1,16.0,50.0,0.0,Android
realme,Realme C30,5999,,1,0,0,0,unisoc,8,1.82,2,32.0,0,5000.0,6.5,Quad HD,60.0,1,1,5.0,8.0,1024.0,Android
iqoo,iQOO Z6 Pro 5G,23999,78.0,1,1,0,0,snapdragon,8,2.4,6,128.0,1,4700.0,6.44,Ultra HD,90.0,3,1,16.0,64.0,0.0,Android
samsung,Samsung Galaxy Z Fold 4,154999,,1,1,1,0,snapdragon,8,3.2,12,256.0,1,4400.0,7.6,Ultra HD,120.0,3,2,10.0,50.0,0.0,Android
xiaomi,Xiaomi Mi 11X 5G (8GB RAM + 128GB),22990,83.0,1,1,0,1,snapdragon,8,3.2,8,128.0,1,4520.0,6.67,Ultra HD,120.0,3,1,20.0,48.0,0.0,Android
xiaomi,Xiaomi Mi 11X Pro,25799,85.0,1,1,0,1,snapdragon,8,2.84,8,128.0,1,4520.0,6.67,Ultra HD,120.0,3,1,20.0,108.0,0.0,Android
oppo,OPPO A74 5G,17990,77.0,1,1,0,0,snapdragon,8,2.0,6,128.0,1,5000.0,6.5,Ultra HD,90.0,3,1,8.0,48.0,128.0,Android
oppo,OPPO F19 Pro Plus 5G,29499,82.0,1,1,0,0,mediatek,8,2.4,8,128.0,1,4310.0,6.43,Ultra HD,60.0,4,1,16.0,48.0,256.0,Android
realme,Realme 8,15999,78.0,1,0,0,0,mediatek,8,2.0,4,128.0,1,5000.0,6.4,Ultra HD,60.0,4,1,16.0,64.0,256.0,Android
xiaomi,Xiaomi Poco F1 (6GB RAM + 128GB),11999,78.0,1,0,0,0,snapdragon,8,2.8,6,128.0,1,4000.0,6.18,Ultra HD,60.0,2,1,20.0,12.0,256.0,Android
nothing,Nothing Phone 2 (12GB RAM + 512GB),54999,89.0,1,1,1,0,snapdragon,8,3.2,12,512.0,1,4700.0,6.7,Ultra HD,120.0,2,1,32.0,50.0,0.0,Android
lava,Lava Yuva 2,7999,62.0,1,0,0,0,unisoc,8,2.0,3,64.0,1,5000.0,6.5,HD,90.0,2,1,5.0,13.0,512.0,Android
oneplus,OnePlus 11 5G Marble Odyssey,64999,,1,1,1,0,snapdragon,8,3.2,16,256.0,1,5000.0,6.7,Ultra HD,120.0,3,1,16.0,50.0,0.0,Android
vivo,Vivo Y22 (4GB RAM + 128GB),14499,73.0,1,0,0,0,mediatek,8,2.0,4,128.0,1,5000.0,6.55,Quad HD,60.0,2,1,8.0,50.0,1024.0,Android
lava,Lava Blaze 2 4G,8999,70.0,1,0,0,0,unisoc,8,2.0,6,128.0,1,5000.0,6.5,Quad HD,90.0,2,1,8.0,13.0,1024.0,Android
tecno,Tecno Spark 10 5G,12480,74.0,1,1,1,0,mediatek,8,2.2,4,64.0,1,5000.0,6.56,Quad HD,90.0,2,1,8.0,50.0,1024.0,Android
lava,Lava Yuva 2 Pro,7999,65.0,1,0,0,0,mediatek,8,2.3,4,64.0,1,5000.0,6.5,HD,60.0,3,1,5.0,13.0,256.0,Android
samsung,Samsung Galaxy A14 4G,13999,74.0,1,0,0,0,exynos,8,2.0,4,64.0,1,5000.0,6.6,Ultra HD,60.0,3,1,13.0,50.0,1024.0,Android
tecno,Tecno Phantom V Fold,88888,,1,1,1,0,mediatek,8,3.2,12,256.0,1,5000.0,7.85,Ultra HD,120.0,3,2,32.0,50.0,0.0,Android
oppo,OPPO Find N2 Flip,89999,88.0,0,1,1,0,mediatek,8,3.2,8,256.0,1,4300.0,6.8,Ultra HD,120.0,2,1,32.0,50.0,0.0,Android
vivo,Vivo V25 (12GB RAM + 256GB),27990,85.0,1,1,0,0,mediatek,8,2.0,12,256.0,1,4500.0,6.44,Ultra HD,90.0,3,1,50.0,64.0,1024.0,Android
xiaomi,Xiaomi Redmi Note 11SE,13275,80.0,1,0,0,1,mediatek,8,2.05,6,64.0,1,5000.0,6.43,Ultra HD,60.0,4,1,13.0,64.0,512.0,Android
tecno,Tecno Spark 9 (4GB RAM + 64GB),7099,65.0,1,0,0,0,mediatek,8,2.3,4,64.0,0,5000.0,6.6,Quad HD,90.0,2,1,8.0,13.0,256.0,Android
tecno,Tecno Pova 3 (6GB RAM + 128GB),13999,77.0,1,0,0,0,mediatek,8,2.0,6,128.0,1,7000.0,6.9,Ultra HD,90.0,3,1,8.0,50.0,256.0,Android
realme,Realme 9 5G SE (8GB RAM + 128GB),22999,82.0,1,1,0,0,snapdragon,8,2.4,8,128.0,1,5000.0,6.6,Ultra HD,144.0,3,1,16.0,48.0,1024.0,Android
realme,Realme Narzo 50 (6GB RAM + 128GB),12499,77.0,1,0,0,0,mediatek,8,2.0,6,128.0,1,5000.0,6.6,Ultra HD,120.0,3,1,16.0,50.0,256.0,Android
poco,POCO M4 Pro 4G,12990,77.0,1,0,0,1,mediatek,8,2.05,6,64.0,1,5000.0,6.43,Ultra HD,90.0,3,1,16.0,64.0,1024.0,Android
oneplus,OnePlus 10 Pro 5G (12GB RAM + 256GB),59999,,1,1,1,0,snapdragon,8,3.0,12,256.0,1,5000.0,6.7,Ultra HD,120.0,3,1,32.0,50.0,0.0,Android
lava,Lava Agni 5G,15990,84.0,1,1,0,0,mediatek,8,2.4,8,128.0,1,5000.0,6.78,Ultra HD,90.0,4,1,16.0,64.0,1024.0,Android
xiaomi,Xiaomi Mi 11 Lite NE 5G (8GB RAM + 128GB),20490,86.0,1,1,1,1,snapdragon,8,2.4,8,128.0,1,4250.0,6.55,Ultra HD,90.0,3,1,20.0,64.0,128.0,Android
samsung,Samsung Galaxy M52 5G (8GB RAM + 128GB),25994,86.0,1,1,1,0,snapdragon,8,2.4,8,128.0,1,5000.0,6.7,Ultra HD,120.0,3,1,32.0,64.0,1024.0,Android
apple,Apple iPhone 13 Pro (256GB),129900,83.0,1,1,1,0,bionic,6,3.22,6,256.0,1,3095.0,6.1,Ultra HD,120.0,3,1,12.0,12.0,0.0,iOS
samsung,Samsung Galaxy A52s 5G,32499,87.0,1,1,1,0,snapdragon,8,2.4,6,128.0,1,4500.0,6.5,Ultra HD,120.0,4,1,32.0,64.0,1024.0,Android
xiaomi,Xiaomi Redmi 10,9299,71.0,1,0,0,0,snapdragon,8,2.4,4,64.0,1,6000.0,6.7,Quad HD,60.0,2,1,5.0,50.0,512.0,Android
xiaomi,Xiaomi Redmi Note 9 Pro,13990,75.0,1,0,0,1,snapdragon,8,2.3,4,64.0,1,5020.0,6.67,Ultra HD,60.0,4,1,16.0,48.0,512.0,Android
vivo,Vivo Y56 5G (4GB RAM + 128GB),17999,78.0,1,1,0,0,mediatek,8,2.2,4,128.0,1,5000.0,6.58,Ultra HD,60.0,2,1,16.0,50.0,128.0,Android
xiaomi,Xiaomi Redmi A2 (2GB RAM + 64GB),6499,63.0,1,0,0,0,mediatek,8,2.2,2,64.0,1,5000.0,6.52,Quad HD,60.0,2,1,5.0,8.0,512.0,Android
nokia,Nokia C12,6499,,1,0,0,0,unisoc,8,1.6,2,64.0,0,3000.0,6.3,Quad HD,60.0,1,1,5.0,8.0,128.0,Android
motorola,Motorola Moto E22s,8685,70.0,1,0,0,0,mediatek,8,2.3,4,64.0,1,5000.0,6.5,Quad HD,90.0,2,1,8.0,16.0,128.0,Android
samsung,Samsung Galaxy M32 Prime Edition (6GB RAM + 128GB),15499,79.0,1,0,0,0,mediatek,8,2.0,6,128.0,1,6000.0,6.4,Ultra HD,90.0,4,1,20.0,64.0,1024.0,Android
realme,Realme C30s (4GB RAM + 64GB),7999,62.0,1,0,0,0,unisoc,8,1.6,4,64.0,1,5000.0,6.5,Quad HD,60.0,1,1,5.0,8.0,1024.0,Android
infinix,Infinix Note 12 5G,14999,78.0,1,1,0,0,mediatek,8,2.4,6,64.0,1,5000.0,6.7,Ultra HD,60.0,3,1,16.0,50.0,2048.0,Android
vivo,Vivo Y75 4G,19990,82.0,1,0,0,0,mediatek,8,2.05,8,128.0,1,4050.0,6.44,Ultra HD,60.0,3,1,44.0,50.0,1024.0,Android
tecno,Tecno Spark 9T,7498,72.0,1,0,0,0,mediatek,8,2.3,4,64.0,1,5000.0,6.6,Ultra HD,60.0,3,1,8.0,50.0,128.0,Android
samsung,Samsung Galaxy A04s,12400,71.0,1,0,0,0,exynos,8,2.0,4,64.0,1,5000.0,6.5,Quad HD,90.0,3,1,5.0,50.0,1024.0,Android
poco,Poco M4 Pro 5G (6GB RAM + 128GB),16299,81.0,1,1,0,1,mediatek,8,2.4,6,128.0,1,5000.0,6.6,Ultra HD,90.0,2,1,16.0,50.0,1024.0,Android
samsung,Samsung Galaxy M32,13499,76.0,1,0,0,0,mediatek,8,2.0,4,64.0,1,6000.0,6.4,Ultra HD,90.0,4,1,20.0,64.0,1024.0,Android
poco,POCO M2 Pro (6GB RAM + 64GB),13299,78.0,1,0,0,1,snapdragon,8,2.3,6,64.0,1,5000.0,6.67,Ultra HD,60.0,4,1,16.0,48.0,512.0,Android
xiaomi,Xiaomi Redmi Note 9 Pro Max,15490,80.0,1,0,0,1,snapdragon,8,2.3,6,64.0,1,5020.0,6.67,Ultra HD,60.0,4,1,32.0,64.0,512.0,Android
ikall,iKall S1 Pro,9990,66.0,1,0,0,0,unisoc,4,1.6,6,128.0,0,6000.0,6.8,Quad HD,60.0,3,1,8.0,13.0,128.0,Android
nokia,Nokia C22 (4GB RAM + 64GB),7999,64.0,1,0,0,0,unisoc,8,1.6,4,64.0,0,5000.0,6.52,Quad HD,60.0,2,1,8.0,13.0,128.0,Android
motorola,Motorola Moto G13 (4GB RAM + 64GB),9499,74.0,1,0,1,0,mediatek,8,2.0,4,64.0,1,5000.0,6.5,Quad HD,90.0,3,1,8.0,50.0,512.0,Android
tecno,Tecno Pop 7 Pro (3GB RAM + 64GB),7295,63.0,1,0,0,0,mediatek,4,2.0,3,64.0,1,5000.0,6.56,Quad HD,60.0,2,1,5.0,12.0,256.0,Android
lava,Lava Blaze 5G (6GB RAM + 128GB),11999,75.0,1,1,0,0,mediatek,8,2.2,6,128.0,0,5000.0,6.5,HD,90.0,3,1,8.0,50.0,1024.0,Android
iqoo,iQOO 11 (16GB RAM + 256GB),59999,89.0,1,1,1,0,snapdragon,8,3.2,16,256.0,1,5000.0,6.78,Ultra HD,144.0,3,1,16.0,50.0,0.0,Android
vivo,Vivo Y16 (3GB RAM + 64GB),10499,66.0,1,0,0,0,mediatek,8,2.3,3,64.0,1,5000.0,6.51,Quad HD,60.0,2,1,5.0,13.0,128.0,Android
infinix,Infinix Note 12i (2022),9499,73.0,1,0,0,0,mediatek,8,2.0,4,64.0,1,5000.0,6.7,Ultra HD,60.0,3,1,8.0,50.0,512.0,Android
realme,Realme GT Neo 3T (8GB RAM + 128GB),36999,81.0,1,1,0,0,snapdragon,8,3.2,8,128.0,1,5000.0,6.62,Ultra HD,120.0,3,1,16.0,64.0,0.0,Android
realme,Realme Narzo 50i Prime (4GB RAM + 64GB),7699,64.0,1,0,0,0,unisoc,8,1.82,4,64.0,1,5000.0,6.5,Quad HD,60.0,1,1,5.0,8.0,1024.0,Android
apple,Apple iPhone 14 Pro (256GB),127999,85.0,1,1,1,0,bionic,6,3.46,6,256.0,1,3200.0,6.1,Ultra HD,120.0,3,1,12.0,48.0,0.0,iOS
xiaomi,Xiaomi Redmi A1 Plus,6299,60.0,1,0,0,0,mediatek,4,2.0,2,32.0,1,5000.0,6.52,Quad HD,60.0,2,1,5.0,8.0,512.0,Android
xiaomi,Xiaomi Redmi A1,6434,,1,0,0,0,mediatek,4,2.0,2,32.0,1,5000.0,6.52,Quad HD,60.0,2,1,5.0,8.0,512.0,Android
oppo,OPPO A77,14369,70.0,1,0,0,0,mediatek,8,2.3,4,64.0,1,5000.0,6.56,Quad HD,60.0,2,1,8.0,50.0,128.0,Android
poco,Poco F4 (12GB RAM + 256GB),39999,86.0,1,1,1,0,snapdragon,8,3.2,12,256.0,1,4500.0,6.67,Ultra HD,120.0,3,1,20.0,64.0,0.0,Android
samsung,Samsung Galaxy A04,11499,71.0,1,0,0,0,mediatek,8,2.3,4,64.0,1,5000.0,6.5,Quad HD,60.0,2,1,5.0,50.0,1024.0,Android
oppo,OPPO F21 Pro 4G,20999,82.0,1,0,0,0,snapdragon,8,2.4,8,128.0,1,4500.0,6.5,Ultra HD,90.0,3,1,32.0,64.0,256.0,Android
samsung,Samsung Galaxy A23 (8GB RAM + 128GB),18999,82.0,1,0,0,0,snapdragon,8,2.4,8,128.0,1,5000.0,6.6,Ultra HD,60.0,4,1,8.0,50.0,1024.0,Android
iqoo,iQOO Z6 5G (6GB RAM + 128GB),17499,80.0,1,1,0,0,snapdragon,8,2.2,6,128.0,1,5000.0,6.58,Ultra HD,120.0,3,1,16.0,50.0,1024.0,Android
realme,Realme Narzo 50,12999,74.0,1,0,0,0,mediatek,8,2.0,4,64.0,1,5000.0,6.6,Ultra HD,120.0,3,1,16.0,50.0,256.0,Android
samsung,Samsung Galaxy S22 Ultra 5G (12GB RAM + 512GB),111999,,1,1,1,0,snapdragon,8,3.0,12,512.0,1,5000.0,6.8,Ultra HD,120.0,4,1,40.0,108.0,0.0,Android
xiaomi,Xiaomi Redmi Note 11S (8GB RAM + 128GB),16499,84.0,1,0,0,1,mediatek,8,2.05,8,128.0,1,5000.0,6.43,Ultra HD,90.0,4,1,16.0,108.0,512.0,Android
xiaomi,Xiaomi Redmi Note 11T 5G (8GB RAM + 128GB),18499,83.0,1,1,0,1,mediatek,8,2.4,8,128.0,1,5000.0,6.6,Ultra HD,90.0,2,1,16.0,50.0,1024.0,Android
xiaomi,Xiaomi Redmi Note 11T 5G,15499,79.0,1,1,0,1,mediatek,8,2.4,6,64.0,1,5000.0,6.6,Ultra HD,90.0,2,1,16.0,50.0,1024.0,Android
realme,Realme GT 2 Pro 5G,49999,89.0,1,1,1,0,snapdragon,8,3.0,8,128.0,1,5000.0,6.7,Ultra HD,120.0,3,1,32.0,50.0,0.0,Android
oppo,OPPO Reno7 5G,28990,85.0,1,1,1,0,mediatek,8,2.0,8,256.0,1,4500.0,6.43,Ultra HD,90.0,3,1,32.0,64.0,1024.0,Android
realme,Realme 8s 5G (8GB RAM + 128GB),18999,82.0,1,1,0,0,mediatek,8,2.4,8,128.0,1,5000.0,6.5,Ultra HD,90.0,3,1,16.0,64.0,1024.0,Android
xiaomi,Xiaomi Redmi Note 10 Lite,12490,76.0,1,0,0,1,snapdragon,8,2.3,4,64.0,1,5020.0,6.67,Ultra HD,60.0,4,1,16.0,48.0,512.0,Android
xiaomi,Xiaomi Mi 10i (8GB RAM + 128GB),19980,86.0,1,1,0,1,snapdragon,8,2.2,8,128.0,1,4820.0,6.67,Ultra HD,120.0,4,1,16.0,108.0,512.0,Android
samsung,Samsung Galaxy Z Fold 3,110999,89.0,1,1,1,0,snapdragon,8,2.84,12,256.0,1,4400.0,7.6,Ultra HD,120.0,3,2,10.0,12.0,0.0,Android
poco,Poco M3,9999,75.0,1,0,0,1,snapdragon,8,2.0,6,64.0,1,6000.0,6.53,Ultra HD,60.0,3,1,8.0,48.0,512.0,Android
samsung,Samsung Galaxy A32,21999,80.0,1,0,0,0,mediatek,8,2.0,6,128.0,1,5000.0,6.4,Ultra HD,90.0,4,1,20.0,64.0,1024.0,Android
google,Google Pixel 3a,14999,66.0,0,0,1,0,snapdragon,8,2.0,4,64.0,1,3000.0,5.6,Ultra HD,60.0,1,1,8.0,12.2,0.0,Android
oppo,OPPO A58 4G,14999,77.0,1,0,1,1,mediatek,8,2.0,6,128.0,1,5000.0,6.72,Ultra HD,60.0,2,1,8.0,50.0,1024.0,Android
ikall,iKall S1,9990,66.0,1,0,0,0,unisoc,4,1.6,6,128.0,0,6000.0,6.8,Quad HD,60.0,3,1,8.0,13.0,128.0,Android
infinix,Infinix Hot 20 (6GB RAM+ 128GB),13499,78.0,1,1,0,0,mediatek,8,2.4,6,128.0,1,5000.0,6.6,Ultra HD,120.0,2,1,8.0,50.0,1024.0,Android
tecno,Tecno Phantom X2 Pro,44999,89.0,1,1,1,0,mediatek,8,3.05,12,256.0,1,5160.0,6.8,Ultra HD,120.0,3,1,32.0,50.0,0.0,Android
infinix,Infinix Hot 20 Play,7999,67.0,1,0,0,0,mediatek,8,2.3,4,64.0,1,6000.0,6.82,Quad HD,90.0,2,1,8.0,13.0,256.0,Android
oneplus,OnePlus 10R Prime Edition,30990,85.0,1,1,1,0,mediatek,8,2.85,8,128.0,1,5000.0,6.7,Ultra HD,120.0,3,1,16.0,50.0,0.0,Android
realme,Realme Narzo 50i Prime,6699,61.0,1,0,0,0,unisoc,8,1.82,3,32.0,1,5000.0,6.5,Quad HD,60.0,1,1,5.0,8.0,1024.0,Android
vivo,Vivo T1 44W (8GB RAM + 128GB),17999,82.0,1,0,0,0,snapdragon,8,2.4,8,128.0,1,5000.0,6.44,Ultra HD,60.0,3,1,16.0,50.0,1024.0,Android
realme,Realme GT Neo 3 5G (12GB RAM + 256GB),29750,84.0,1,1,1,0,mediatek,8,2.85,12,256.0,1,4500.0,6.7,Ultra HD,120.0,3,1,16.0,50.0,0.0,Android
xiaomi,Xiaomi Redmi 10 Power,12499,77.0,1,0,0,1,snapdragon,8,2.4,8,128.0,1,6000.0,6.7,Quad HD,60.0,2,1,5.0,50.0,128.0,Android
poco,Poco X4 Pro 5G (6GB RAM + 128GB),17999,82.0,1,1,0,1,snapdragon,8,2.2,6,128.0,1,5000.0,6.67,Ultra HD,120.0,3,1,16.0,64.0,1024.0,Android
poco,Poco F4 5G,27999,82.0,1,1,1,0,snapdragon,8,3.2,6,128.0,1,4500.0,6.67,Ultra HD,120.0,3,1,20.0,64.0,0.0,Android
iqoo,iQOO 9 SE 5G,33990,83.0,1,1,1,0,snapdragon,8,2.84,8,128.0,1,4500.0,6.62,Ultra HD,120.0,3,1,16.0,48.0,0.0,Android
tecno,Tecno Pova 3,10599,74.0,1,0,0,0,mediatek,8,2.0,4,64.0,1,7000.0,6.95,Ultra HD,90.0,3,1,8.0,50.0,256.0,Android
xiaomi,Xiaomi 11T Pro 5G (12GB RAM + 256GB),37999,88.0,1,1,1,1,snapdragon,8,2.84,12,256.0,1,5000.0,6.67,Ultra HD,120.0,3,1,16.0,108.0,0.0,Android
xiaomi,Xiaomi 11i HyperCharge 5G (8GB RAM + 128GB),22990,86.0,1,1,0,1,mediatek,8,2.5,8,128.0,1,4500.0,6.67,Full HD,120.0,3,1,16.0,108.0,1024.0,Android
vivo,Vivo V23e 5G,23990,84.0,1,1,0,0,mediatek,8,2.4,8,128.0,1,4050.0,6.44,Ultra HD,60.0,3,1,44.0,50.0,128.0,Android
samsung,Samsung Galaxy A03 Core,6999,,1,0,0,0,unisoc,4,1.6,2,32.0,0,5000.0,6.5,Quad HD,60.0,1,1,5.0,8.0,1024.0,Android
samsung,Samsung Galaxy Z Flip 4 5G,89999,88.0,1,1,1,0,snapdragon,8,3.2,8,128.0,1,3700.0,6.7,Ultra HD,120.0,2,1,10.0,12.0,0.0,Android
realme,Realme 9i,14499,75.0,1,0,0,0,snapdragon,8,2.4,4,64.0,1,5000.0,6.6,Ultra HD,90.0,3,1,16.0,50.0,1024.0,Android
vivo,Vivo X80 5G,43990,86.0,1,1,0,0,mediatek,8,3.05,8,128.0,1,4500.0,6.78,Ultra HD,120.0,3,1,32.0,50.0,0.0,Android
motorola,Motorola Moto E40,7920,71.0,1,0,0,0,unisoc,8,1.8,4,64.0,0,5000.0,6.5,Quad HD,90.0,3,1,8.0,48.0,1024.0,Android
tecno,Tecno Spark 8 Pro,8099,72.0,1,0,0,0,mediatek,8,2.0,4,64.0,1,5000.0,6.8,Ultra HD,60.0,3,1,8.0,48.0,128.0,Android
xiaomi,Xiaomi Redmi 10 Prime,10999,74.0,1,0,0,1,mediatek,8,2.0,4,64.0,1,6000.0,6.5,Ultra HD,90.0,4,1,8.0,50.0,512.0,Android
samsung,Samsung Galaxy S21 Plus,81999,88.0,1,1,1,0,exynos,8,2.9,8,128.0,1,4800.0,6.7,Ultra HD,120.0,3,1,10.0,64.0,0.0,Android
xiaomi,Xiaomi Mi 10T 5G,21990,80.0,1,1,1,0,snapdragon,8,2.84,6,128.0,1,5000.0,6.67,Full HD,144.0,3,1,20.0,64.0,0.0,Android
motorola,Motorola Moto G5 Plus,7790,63.0,1,0,1,0,snapdragon,8,2.0,4,32.0,0,3000.0,5.2,Quad HD,60.0,1,1,5.0,12.0,128.0,Android
nokia,Nokia C12 Pro (4GB RAM + 64GB),7299,60.0,1,0,0,0,unisoc,8,1.6,4,64.0,0,4000.0,6.3,Quad HD,60.0,1,1,5.0,8.0,128.0,Android
itel,itel A60,5985,,1,0,0,0,unisoc,4,1.3,2,32.0,0,5000.0,6.6,Quad HD,60.0,2,1,5.0,8.0,128.0,Android
tecno,Tecno Pop 7 Pro,6499,61.0,1,0,0,0,mediatek,4,2.0,2,64.0,1,5000.0,6.56,Quad HD,60.0,2,1,5.0,12.0,256.0,Android
tecno,Tecno Spark Go 2023,6796,62.0,1,0,0,0,mediatek,4,2.0,3,32.0,1,5000.0,6.56,Quad HD,60.0,2,1,5.0,13.0,256.0,Android
poco,Poco C50 (3GB RAM + 32GB),6199,61.0,1,0,0,0,mediatek,4,2.0,3,32.0,1,5000.0,6.52,Quad HD,60.0,2,1,5.0,8.0,512.0,Android
realme,Realme GT Neo 3T (8GB RAM + 256GB),38999,82.0,1,1,0,0,snapdragon,8,3.2,8,256.0,1,5000.0,6.62,Ultra HD,120.0,3,1,16.0,64.0,0.0,Android
tecno,Tecno Camon 19 Pro Mondrian Edition,15999,84.0,1,0,1,0,mediatek,8,2.05,8,128.0,1,5000.0,6.8,Ultra HD,120.0,3,1,32.0,64.0,512.0,Android
samsung,Samsung Galaxy A33 5G (8GB RAM + 128GB),26999,85.0,1,1,1,0,exynos,8,2.4,8,128.0,1,5000.0,6.4,Ultra HD,90.0,4,1,13.0,48.0,1024.0,Android
realme,Realme C35 (4GB RAM + 128GB),12999,71.0,1,0,0,0,unisoc,8,1.8,4,128.0,1,5000.0,6.6,Ultra HD,90.0,3,1,8.0,50.0,1024.0,Android
poco,POCO M4 Pro 4G (8GB RAM + 128GB),17999,81.0,1,0,0,1,mediatek,8,2.05,8,128.0,1,5000.0,6.43,Ultra HD,90.0,3,1,16.0,64.0,1024.0,Android
iqoo,iQOO 9 Pro 5G (12GB RAM + 256GB),44990,88.0,1,1,1,0,snapdragon,8,3.0,12,256.0,1,4700.0,6.78,Ultra HD,120.0,3,1,16.0,50.0,0.0,Android
vivo,Vivo T1 Pro,23999,81.0,1,1,0,0,snapdragon,8,2.4,6,128.0,1,4700.0,6.44,Ultra HD,90.0,3,1,16.0,64.0,1024.0,Android
xiaomi,Xiaomi Redmi Note 11 (6GB RAM + 64GB),13493,79.0,1,0,0,1,snapdragon,8,2.4,6,64.0,1,5000.0,6.43,Ultra HD,90.0,4,1,13.0,50.0,512.0,Android
infinix,Infinix Note 12,10999,74.0,1,0,0,0,mediatek,8,2.0,4,64.0,1,5000.0,6.7,Full HD,60.0,3,1,16.0,50.0,512.0,Android
realme,Realme Narzo 50A (4GB RAM + 128GB),10499,73.0,1,0,0,0,mediatek,8,2.0,4,128.0,1,6000.0,6.5,Quad HD,60.0,3,1,8.0,50.0,256.0,Android
oneplus,OnePlus Nord 2 5G (6GB RAM + 128GB),26990,82.0,1,1,1,0,mediatek,8,3.0,6,128.0,1,4500.0,6.43,Ultra HD,90.0,3,1,32.0,50.0,0.0,Android
samsung,Samsung Galaxy M21 2021,13190,76.0,1,0,0,0,exynos,8,2.3,4,64.0,1,6000.0,6.4,Ultra HD,60.0,3,1,20.0,48.0,512.0,Android
xiaomi,Xiaomi Redmi Note 10T 5G,13999,75.0,1,1,0,1,mediatek,8,2.2,4,64.0,1,5000.0,6.5,Ultra HD,90.0,3,1,8.0,48.0,1024.0,Android
realme,Realme X7 Max,26999,84.0,1,1,1,0,mediatek,8,3.0,8,128.0,1,4500.0,6.43,Ultra HD,120.0,3,1,16.0,64.0,0.0,Android
motorola,Motorola Moto G40 Fusion (6GB RAM + 128GB),13499,81.0,1,0,0,0,snapdragon,8,2.3,6,128.0,1,6000.0,6.78,Ultra HD,120.0,3,1,16.0,64.0,256.0,Android
xiaomi,Xiaomi Redmi Note 10 Pro Max (6GB RAM + 128GB),20899,82.0,1,0,0,1,snapdragon,8,2.3,6,128.0,1,5020.0,6.67,Ultra HD,120.0,4,1,16.0,108.0,512.0,Android
realme,Realme X3 SuperZoom Edition (8GB RAM + 256GB),28990,82.0,1,0,0,0,snapdragon,8,2.96,8,256.0,1,4200.0,6.57,Ultra HD,120.0,4,2,32.0,64.0,0.0,Android
xiaomi,Xiaomi Mi 10T 5G (8GB RAM + 128GB),22990,83.0,1,1,1,0,snapdragon,8,2.84,8,128.0,1,5000.0,6.67,Full HD,144.0,3,1,20.0,64.0,0.0,Android
samsung,Samsung Galaxy M11 (4GB RAM + 64GB),8994,68.0,1,0,0,0,snapdragon,8,1.8,4,64.0,0,5000.0,6.4,Quad HD,60.0,3,1,8.0,13.0,512.0,Android
xiaomi,Xiaomi Redmi Note 10 Pro,15990,79.0,1,0,0,1,snapdragon,8,2.3,6,64.0,1,5020.0,6.67,Ultra HD,120.0,4,1,16.0,64.0,512.0,Android
samsung,Samsung Galaxy A52,26499,83.0,1,0,0,0,snapdragon,8,2.3,6,128.0,1,4500.0,6.5,Ultra HD,90.0,4,1,32.0,64.0,1024.0,Android
xiaomi,Xiaomi Redmi 9,9499,68.0,1,0,0,0,mediatek,8,2.3,4,64.0,0,5000.0,6.53,Quad HD,60.0,2,1,5.0,13.0,512.0,Android
itel,itel S23 (4GB RAM +128 GB),8499,70.0,1,0,0,0,unisoc,8,1.6,4,128.0,1,5000.0,6.6,HD,90.0,2,1,8.0,50.0,512.0,Android
samsung,Samsung Galaxy A14 4G (4GB RAM + 128 GB),14249,75.0,1,0,0,0,exynos,8,2.0,4,128.0,1,5000.0,6.6,Ultra HD,60.0,3,1,13.0,50.0,1024.0,Android
tecno,Tecno Spark Go 2023 (3GB RAM + 64GB),7598,64.0,1,0,0,0,mediatek,4,2.0,3,64.0,1,5000.0,6.56,Quad HD,60.0,2,1,5.0,13.0,256.0,Android
realme,Realme C33 2023 (4GB RAM + 128GB),10499,71.0,1,0,0,0,unisoc,8,1.8,4,128.0,1,5000.0,6.5,Quad HD,60.0,2,1,5.0,50.0,1024.0,Android
nokia,Nokia C22,7249,61.0,1,0,0,0,unisoc,8,1.6,2,64.0,0,5000.0,6.52,Quad HD,60.0,2,1,8.0,13.0,128.0,Android
samsung,Samsung Galaxy A04s (4GB RAM + 128GB),12990,72.0,1,0,0,0,exynos,8,2.0,4,128.0,1,5000.0,6.5,Quad HD,90.0,3,1,5.0,50.0,1024.0,Android
samsung,Samsung Galaxy A04e (4GB RAM + 128GB),11299,69.0,1,0,0,0,mediatek,8,2.3,4,128.0,0,5000.0,6.5,Quad HD,60.0,2,1,5.0,13.0,1024.0,Android
tecno,Tecno Pova 4,11998,73.0,1,0,0,0,mediatek,8,2.2,8,128.0,1,6000.0,6.82,Quad HD,90.0,2,1,8.0,50.0,512.0,Android
apple,Apple iPhone 14 Plus (512GB),102999,83.0,1,1,1,0,bionic,6,3.22,6,512.0,1,4325.0,6.7,Ultra HD,60.0,2,1,12.0,12.0,0.0,iOS
apple,Apple iPhone 14 Pro Max (512GB),165990,87.0,1,1,1,0,bionic,6,3.46,6,512.0,1,4323.0,6.7,Ultra HD,120.0,3,1,12.0,48.0,0.0,iOS
oppo,OPPO A77 (4GB RAM + 128 GB),15999,71.0,1,0,0,0,mediatek,8,2.3,4,128.0,1,5000.0,6.56,Quad HD,60.0,2,1,8.0,50.0,128.0,Android
oneplus,OnePlus 10T (12GB RAM + 256GB),47999,87.0,1,1,1,0,snapdragon,8,3.2,12,256.0,1,4800.0,6.7,Ultra HD,120.0,3,1,16.0,50.0,0.0,Android
vivo,Vivo T1x (6GB RAM + 128GB),14999,77.0,1,0,0,0,snapdragon,8,2.4,6,128.0,1,5000.0,6.58,Ultra HD,90.0,2,1,8.0,50.0,128.0,Android
realme,Realme C30 (3GB RAM + 32GB),6499,60.0,1,0,0,0,unisoc,8,1.82,3,32.0,0,5000.0,6.5,Quad HD,60.0,1,1,5.0,8.0,1024.0,Android
infinix,Infinix Hot 12 Play,8999,66.0,1,0,0,0,unisoc,8,1.82,4,64.0,1,6000.0,6.82,HD,90.0,2,1,8.0,13.0,256.0,Android
nokia,Nokia G21 (6GB RAM + 128GB),14999,75.0,1,0,0,0,unisoc,8,1.6,6,128.0,1,5050.0,6.5,Quad HD,90.0,3,1,8.0,50.0,512.0,Android
samsung,Samsung Galaxy A13 (4GB RAM + 128GB),14999,75.0,1,0,0,0,exynos,8,2.0,4,128.0,1,5000.0,6.6,Ultra HD,60.0,4,1,8.0,50.0,1024.0,Android
apple,Apple iPhone SE 3 2022 (256GB),58900,61.0,1,1,1,0,bionic,6,3.22,4,256.0,1,1624.0,4.7,Full HD+,60.0,1,1,7.0,12.0,0.0,iOS
apple,Apple iPhone SE 3 2022 (128GB),48900,61.0,1,1,1,0,bionic,6,3.22,4,128.0,1,1624.0,4.7,Full HD+,60.0,1,1,7.0,12.0,0.0,iOS
poco,POCO M4 Pro 4G (6GB RAM + 128GB),16499,79.0,1,0,0,1,mediatek,8,2.05,6,128.0,1,5000.0,6.43,Ultra HD,90.0,3,1,16.0,64.0,1024.0,Android
realme,Realme 9 Pro Plus 5G (8GB RAM + 128GB),26999,81.0,1,1,0,0,mediatek,8,2.5,8,128.0,1,4500.0,6.4,Ultra HD,90.0,3,1,16.0,50.0,0.0,Android
poco,Poco M4 Pro 5G (8GB RAM + 128GB),18999,82.0,1,1,0,1,mediatek,8,2.4,8,128.0,1,5000.0,6.6,Ultra HD,90.0,2,1,16.0,50.0,1024.0,Android
xiaomi,Xiaomi Redmi Note 11S (6GB RAM + 128GB),15499,81.0,1,0,0,1,mediatek,8,2.05,6,128.0,1,5000.0,6.43,Ultra HD,90.0,4,1,16.0,108.0,512.0,Android
xiaomi,Xiaomi 11i 5G (8GB RAM + 128GB),22690,83.0,1,1,0,1,mediatek,8,2.5,8,128.0,1,5160.0,6.67,Full HD,120.0,3,1,16.0,108.0,1024.0,Android
infinix,Infinix Note 12 Pro,16999,83.0,1,0,0,0,mediatek,8,2.2,8,256.0,1,5000.0,6.7,Ultra HD,60.0,3,1,16.0,108.0,2048.0,Android
xiaomi,Xiaomi 11i HyperCharge 5G,22999,83.0,1,1,0,1,mediatek,8,2.5,6,128.0,1,4500.0,6.67,Full HD,120.0,3,1,16.0,108.0,1024.0,Android
realme,Realme Narzo 50i (4GB RAM + 64GB),8599,62.0,1,0,0,0,unisoc,8,1.6,4,64.0,0,5000.0,6.5,Quad HD,60.0,1,1,5.0,8.0,256.0,Android
motorola,Motorola Moto G31,11599,75.0,1,0,0,0,mediatek,8,2.0,4,64.0,1,5000.0,6.47,Ultra HD,60.0,3,1,13.0,50.0,1024.0,Android
apple,Apple iPhone 13 Pro (1TB),144999,84.0,1,1,1,0,bionic,6,3.22,6,1000.0,1,3095.0,6.1,Ultra HD,120.0,3,1,12.0,12.0,0.0,iOS
apple,Apple iPhone 13 (512GB),85999,80.0,1,1,1,0,bionic,6,3.22,4,512.0,1,3240.0,6.1,Ultra HD,60.0,2,1,12.0,12.0,0.0,iOS
apple,Apple iPhone 13 Pro Max (256GB),139900,84.0,1,1,1,0,bionic,6,3.22,6,256.0,1,4352.0,6.7,Ultra HD,120.0,3,1,12.0,12.0,0.0,iOS
realme,Realme Narzo 50i,6599,,1,0,0,0,unisoc,8,1.6,2,32.0,0,5000.0,6.5,Quad HD,60.0,1,1,5.0,8.0,256.0,Android
samsung,Samsung Galaxy A52s 5G (8GB RAM + 128GB),40999,89.0,1,1,1,0,snapdragon,8,2.4,8,128.0,1,4500.0,6.5,Ultra HD,120.0,4,1,32.0,64.0,1024.0,Android
oppo,OPPO F19s,16179,79.0,1,0,0,0,snapdragon,8,2.0,6,128.0,1,5000.0,6.43,Ultra HD,60.0,3,1,16.0,48.0,256.0,Android
vivo,Vivo Y33s,15888,80.0,1,0,0,0,mediatek,8,2.0,8,128.0,1,5000.0,6.58,Ultra HD,60.0,3,1,16.0,50.0,1024.0,Android
tecno,Tecno Phantom X,21999,84.0,1,0,0,0,mediatek,8,2.05,8,256.0,1,4700.0,6.7,Ultra HD,90.0,3,2,48.0,50.0,0.0,Android
xiaomi,Xiaomi Redmi 10A,7980,64.0,1,0,0,0,mediatek,8,2.0,3,32.0,0,5000.0,6.53,Quad HD,60.0,1,1,5.0,13.0,512.0,Android
poco,Poco X3 Pro (8GB RAM + 128GB),24999,85.0,1,0,0,1,snapdragon,8,2.96,8,128.0,1,5160.0,6.67,Ultra HD,120.0,4,1,20.0,48.0,128.0,Android
xiaomi,Xiaomi Redmi Note 10 (6GB RAM + 128GB),15990,78.0,1,0,0,1,snapdragon,8,2.2,6,128.0,1,5000.0,6.43,Ultra HD,60.0,4,1,13.0,48.0,512.0,Android
samsung,Samsung Galaxy S21 Plus 5G (8GB RAM + 256GB),85999,89.0,1,1,1,0,exynos,8,2.9,8,256.0,1,4800.0,6.7,Ultra HD,120.0,3,1,10.0,64.0,0.0,Android
samsung,Samsung Galaxy S21 5G (8GB RAM + 256GB),73999,88.0,1,1,1,0,exynos,8,2.9,8,256.0,1,4000.0,6.2,Ultra HD,120.0,3,1,10.0,64.0,0.0,Android
xiaomi,Xiaomi Redmi 9 Power,13999,74.0,1,0,0,1,snapdragon,8,2.0,4,64.0,1,6000.0,6.53,Ultra HD,60.0,4,1,8.0,48.0,512.0,Android
apple,Apple iPhone 12 (256GB),66999,76.0,1,1,1,0,bionic,6,3.1,4,256.0,1,2815.0,6.1,Ultra HD,60.0,2,1,12.0,12.0,0.0,iOS
vivo,Vivo V20 Pro,29990,84.0,1,1,0,0,snapdragon,8,2.4,8,128.0,1,4000.0,6.44,Ultra HD,60.0,3,2,44.0,64.0,0.0,Android
oppo,Oppo Reno 3 Pro (8GB RAM + 256GB),27990,87.0,1,0,0,0,mediatek,8,2.2,8,256.0,1,4025.0,6.4,Ultra HD,60.0,4,2,44.0,64.0,256.0,Android
samsung,Samsung Galaxy A12,11759,71.0,1,0,0,0,mediatek,8,2.3,4,64.0,1,5000.0,6.5,Quad HD,60.0,4,1,8.0,48.0,128.0,Android
realme,Realme X2 Pro (12GB RAM + 256GB),24999,84.0,1,0,1,0,snapdragon,8,2.96,12,256.0,1,4000.0,6.5,Ultra HD,60.0,4,1,16.0,64.0,0.0,Android
xiaomi,Xiaomi Redmi 8 (4GB RAM + 64GB),10990,66.0,1,0,0,1,snapdragon,8,2.0,4,64.0,1,5000.0,6.22,Quad HD,60.0,2,1,8.0,12.0,512.0,Android
xiaomi,Xiaomi Redmi Y2,10999,62.0,1,0,0,1,snapdragon,8,2.0,3,32.0,0,3080.0,5.99,Quad HD,60.0,2,1,16.0,12.0,128.0,Android
samsung,Samsung Galaxy Z Flip 5 (8GB RAM + 512GB),109999,88.0,0,1,1,0,snapdragon,8,3.2,8,512.0,1,3700.0,6.7,Ultra HD,120.0,2,1,10.0,12.0,0.0,Android
ikall,iKall Z19 Pro Ultra,8799,65.0,1,0,0,0,mediatek,6,1.6,6,128.0,0,5000.0,6.5,Quad HD,60.0,2,1,8.0,13.0,512.0,Android
nokia,Nokia C12 Pro,6990,,1,0,0,0,unisoc,8,1.6,2,64.0,0,4000.0,6.3,Quad HD,60.0,1,1,5.0,8.0,128.0,Android
lava,Lava Blaze Pro (6GB RAM + 128GB),10799,74.0,1,0,0,0,mediatek,8,2.3,6,128.0,0,5000.0,6.5,HD,90.0,3,1,8.0,50.0,256.0,Android
nokia,Nokia C31 (4GB RAM + 64GB),8499,65.0,1,0,0,0,unisoc,8,1.6,4,64.0,1,5050.0,6.74,Quad HD,60.0,3,1,5.0,13.0,256.0,Android
samsung,Samsung Galaxy A04e (3GB RAM + 64GB),9850,66.0,1,0,0,0,mediatek,8,2.3,3,64.0,0,5000.0,6.5,Quad HD,60.0,2,1,5.0,13.0,1024.0,Android
oppo,OPPO Reno 8 Pro House of Dragon Edition,45999,86.0,1,1,1,0,mediatek,8,2.85,12,256.0,1,4500.0,6.7,Ultra HD,120.0,3,1,32.0,50.0,0.0,Android
itel,itel Vision 3 (2GB RAM + 32GB),6059,,1,0,0,0,unisoc,8,1.6,2,32.0,1,5000.0,6.6,HD,60.0,2,1,5.0,8.0,128.0,Android
xiaomi,Xiaomi Redmi A1 Plus (3GB RAM + 32GB),6599,61.0,1,0,0,0,mediatek,4,2.0,3,32.0,1,5000.0,6.52,Quad HD,60.0,2,1,5.0,8.0,512.0,Android
samsung,Samsung Galaxy M32 Prime Edition,14490,75.0,1,0,0,0,mediatek,8,2.0,4,64.0,1,6000.0,6.4,Ultra HD,90.0,4,1,20.0,64.0,1024.0,Android
apple,Apple iPhone 14 Pro (1TB),163990,86.0,1,1,1,0,bionic,6,3.46,6,1000.0,1,3200.0,6.1,Ultra HD,120.0,3,1,12.0,48.0,0.0,iOS
apple,Apple iPhone 14 (512GB),92999,82.0,1,1,1,0,bionic,6,3.22,6,512.0,1,3279.0,6.1,Ultra HD,60.0,2,1,12.0,12.0,0.0,iOS
itel,itel A23s,4649,,1,0,0,0,unisoc,4,1.4,2,32.0,0,3020.0,5.0,FWVGA,60.0,1,1,3.0,2.0,0.0,Android
realme,Realme GT 2 Pro 5G (12GB RAM + 256GB),57999,89.0,1,1,1,0,snapdragon,8,3.0,12,256.0,1,5000.0,6.7,Ultra HD,120.0,3,1,32.0,50.0,0.0,Android
oppo,OPPO A16e,10499,65.0,1,0,0,0,mediatek,8,2.0,3,32.0,0,4230.0,6.52,Quad HD,60.0,1,1,5.0,13.0,1024.0,Android
oppo,OPPO A96 4G,18999,80.0,1,0,0,0,snapdragon,8,2.4,8,128.0,1,5000.0,6.59,Ultra HD,90.0,2,1,16.0,50.0,128.0,Android
samsung,Samsung Galaxy A13 (6GB RAM + 128GB),16499,78.0,1,0,0,0,exynos,8,2.0,6,128.0,1,5000.0,6.6,Ultra HD,60.0,4,1,8.0,50.0,1024.0,Android
iqoo,iQOO 9 5G (12GB RAM + 256GB),33990,85.0,1,1,0,0,snapdragon,8,2.9,12,256.0,1,4350.0,6.56,Ultra HD,120.0,3,1,16.0,48.0,0.0,Android
samsung,Samsung Galaxy S22 5G (8GB RAM + 256GB),65000,87.0,1,1,1,0,snapdragon,8,3.0,8,256.0,1,3700.0,6.1,Ultra HD,120.0,3,1,10.0,50.0,0.0,Android
oppo,OPPO A16K (4GB RAM + 64GB),9999,66.0,1,0,0,0,mediatek,8,2.3,4,64.0,0,4230.0,6.52,Quad HD,60.0,1,1,5.0,13.0,256.0,Android
xiaomi,Xiaomi Redmi Note 11 Pro 4G,17999,81.0,1,0,0,1,mediatek,8,2.05,6,128.0,1,5000.0,6.67,Ultra HD,120.0,4,1,16.0,108.0,1024.0,Android
xiaomi,Xiaomi 11T Pro 5G (8GB RAM + 256GB),35999,87.0,1,1,1,1,snapdragon,8,2.84,8,256.0,1,5000.0,6.67,Ultra HD,120.0,3,1,16.0,108.0,0.0,Android
motorola,Motorola Moto G22,10999,75.0,1,0,0,0,mediatek,8,2.3,4,64.0,1,5000.0,6.53,Quad HD,90.0,4,1,16.0,50.0,1024.0,Android
infinix,Infinix Hot 12,8999,72.0,1,0,0,0,mediatek,8,2.3,4,64.0,1,6000.0,6.82,Quad HD,90.0,3,1,8.0,50.0,512.0,Android
xiaomi,Xiaomi Redmi Note 10S (8GB RAM + 128GB),17990,82.0,1,0,0,1,mediatek,8,2.05,8,128.0,1,5000.0,6.43,Ultra HD,60.0,4,1,13.0,64.0,512.0,Android
vivo,Vivo Y21e,12499,69.0,1,0,0,0,snapdragon,8,2.4,3,64.0,1,5000.0,6.51,Quad HD,60.0,2,1,8.0,13.0,1024.0,Android
samsung,Samsung Galaxy A03,8890,67.0,1,0,0,0,unisoc,8,2.0,3,32.0,1,5000.0,6.5,Quad HD,60.0,2,1,5.0,48.0,1024.0,Android
poco,POCO C31 (4GB RAM + 64GB),9499,68.0,1,0,0,0,mediatek,8,2.3,4,64.0,0,5000.0,6.53,Quad HD,60.0,3,1,5.0,13.0,512.0,Android
xiaomi,Xiaomi Redmi 9 Activ (6GB RAM + 128GB),10890,72.0,1,0,0,0,mediatek,8,2.3,6,128.0,0,5000.0,6.53,Quad HD,60.0,2,1,5.0,13.0,512.0,Android
realme,Realme Narzo 50A,11499,71.0,1,0,0,0,mediatek,8,2.0,4,64.0,1,6000.0,6.5,Quad HD,60.0,3,1,8.0,50.0,256.0,Android
samsung,Samsung Galaxy A12 (6GB RAM + 128GB),15190,75.0,1,0,0,0,mediatek,8,2.3,6,128.0,1,5000.0,6.5,Quad HD,60.0,4,1,8.0,48.0,128.0,Android
xiaomi,Xiaomi Mi 11 Lite (8GB RAM + 128GB),17499,82.0,1,0,0,1,snapdragon,8,2.3,8,128.0,1,4250.0,6.55,Ultra HD,90.0,3,1,16.0,64.0,512.0,Android
samsung,Samsung Galaxy M32 (6GB RAM + 128GB),18999,80.0,1,0,0,0,mediatek,8,2.0,6,128.0,1,6000.0,6.4,Ultra HD,90.0,4,1,20.0,64.0,1024.0,Android
xiaomi,Xiaomi Redmi Note 10S (6GB RAM + 128GB),16499,79.0,1,0,0,1,mediatek,8,2.05,6,128.0,1,5000.0,6.43,Ultra HD,60.0,4,1,13.0,64.0,512.0,Android
motorola,Motorola Moto G40 Fusion,16999,77.0,1,0,0,0,snapdragon,8,2.3,4,64.0,1,6000.0,6.78,Ultra HD,120.0,3,1,16.0,64.0,256.0,Android
samsung,Samsung Galaxy M12,10999,72.0,1,0,0,0,exynos,8,2.0,4,64.0,1,6000.0,6.5,Quad HD,90.0,4,1,8.0,48.0,1024.0,Android
realme,Realme Narzo 20A,8499,65.0,1,0,0,0,snapdragon,8,2.0,3,32.0,0,5000.0,6.5,Quad HD,60.0,3,1,8.0,12.0,256.0,Android
realme,Realme X7 Pro,29989,84.0,1,1,1,0,mediatek,8,2.6,8,128.0,1,4500.0,6.55,Ultra HD,120.0,4,1,32.0,64.0,0.0,Android
motorola,Motorola Moto G 5G,20999,82.0,1,1,1,0,snapdragon,8,2.2,6,128.0,1,5000.0,6.67,Ultra HD,60.0,3,1,16.0,48.0,1024.0,Android
poco,Poco X2,15490,79.0,1,0,0,1,snapdragon,8,2.2,6,64.0,1,4500.0,6.67,Ultra HD,120.0,4,2,20.0,64.0,512.0,Android
realme,Realme XT (8GB RAM + 128GB),19909,81.0,1,0,0,0,snapdragon,8,2.3,8,128.0,1,4000.0,6.4,Ultra HD,60.0,4,1,16.0,64.0,256.0,Android
nokia,Nokia 2.1,4999,,1,0,0,0,snapdragon,4,1.4,1,8.0,0,4000.0,5.5,Full HD+,60.0,1,1,5.0,8.0,128.0,Android
oneplus,OnePlus 6 (8GB RAM + 128GB),17990,77.0,1,0,1,0,snapdragon,8,2.8,8,128.0,0,3300.0,6.28,Ultra HD,60.0,2,1,16.0,20.0,0.0,Android
ikall,iKall Z18 Pro,8799,68.0,1,0,0,0,mediatek,4,1.6,6,128.0,0,5000.0,6.5,Quad HD,60.0,1,1,8.0,13.0,256.0,Android
lava,Lava Yuva,6499,,1,0,0,0,mediatek,8,2.0,2,32.0,1,4000.0,6.5,HD,60.0,2,1,5.0,8.0,512.0,Android
itel,Itel P40 (2GB RAM + 64GB),6599,,1,0,0,0,unisoc,8,1.6,2,64.0,1,6000.0,6.6,Quad HD,60.0,2,1,5.0,13.0,512.0,Android
nokia,Nokia C12 Pro (3GB RAM + 64GB),7274,,1,0,0,0,unisoc,8,1.6,3,64.0,0,4000.0,6.3,Quad HD,60.0,1,1,5.0,8.0,128.0,Android
realme,Realme C33 2023,9999,69.0,1,0,0,0,unisoc,8,1.8,4,64.0,1,5000.0,6.5,Quad HD,60.0,2,1,5.0,50.0,1024.0,Android
iqoo,iQOO 11 (12GB RAM + 256GB),59990,88.0,1,1,1,0,snapdragon,8,3.2,12,256.0,1,5000.0,6.78,Ultra HD,144.0,3,1,16.0,50.0,0.0,Android
samsung,Samsung Galaxy S23 Plus (8GB RAM + 512GB),104999,89.0,1,1,1,0,snapdragon,8,3.36,8,512.0,1,4700.0,6.6,Ultra HD,120.0,3,1,12.0,50.0,0.0,Android
samsung,Samsung Galaxy A04 (4GB RAM + 128GB),11490,72.0,1,0,0,0,mediatek,8,2.3,4,128.0,1,5000.0,6.5,Quad HD,60.0,2,1,5.0,50.0,1024.0,Android
xiaomi,Xiaomi Redmi 10A (6GB RAM + 128GB),11999,70.0,1,0,0,0,mediatek,8,2.0,6,128.0,0,5000.0,6.53,Quad HD,60.0,1,1,5.0,13.0,512.0,Android
samsung,Samsung Galaxy Z Flip 4 (8GB RAM + 256GB),94999,88.0,1,1,1,0,snapdragon,8,3.2,8,256.0,1,3700.0,6.7,Ultra HD,120.0,2,1,10.0,12.0,0.0,Android
xiaomi,Xiaomi Redmi 10A Sport,10390,69.0,1,0,0,1,mediatek,8,2.0,6,128.0,0,5000.0,6.53,Quad HD,60.0,1,1,5.0,13.0,512.0,Android
vivo,Vivo T1x (4GB RAM + 128GB),16990,75.0,1,0,0,0,snapdragon,8,2.4,4,128.0,1,5000.0,6.58,Ultra HD,90.0,2,1,8.0,50.0,128.0,Android
vivo,Vivo Y15C (3GB RAM + 64GB),10499,67.0,1,0,0,0,mediatek,8,2.3,3,64.0,0,5000.0,6.51,Quad HD,60.0,2,1,8.0,13.0,1024.0,Android
poco,Poco F4 5G (8GB RAM + 128GB),27999,85.0,1,1,1,0,snapdragon,8,3.2,8,128.0,1,4500.0,6.67,Ultra HD,120.0,3,1,20.0,64.0,0.0,Android
infinix,Infinix Smart 6 HD,5999,,1,0,0,0,mediatek,4,2.0,2,32.0,0,5000.0,6.6,Quad HD,60.0,2,1,5.0,8.0,512.0,Android
vivo,Vivo Y21G,13499,65.0,1,0,0,0,mediatek,8,2.0,4,64.0,1,5000.0,6.51,Quad HD,60.0,2,1,8.0,13.0,1024.0,Android
nokia,Nokia C01 Plus (2GB RAM + 32GB),5999,,1,0,0,0,unisoc,8,1.6,2,32.0,0,3000.0,5.45,Quad HD,60.0,1,1,5.0,5.0,256.0,Android
oppo,OPPO K10 (8GB RAM + 128GB),20999,80.0,1,0,0,0,snapdragon,8,2.4,8,128.0,1,5000.0,6.59,Ultra HD,90.0,3,1,16.0,50.0,1024.0,Android
oppo,OPPO A16e (4GB RAM + 64GB),12995,68.0,1,0,0,0,mediatek,8,2.0,4,64.0,0,4230.0,6.52,Quad HD,60.0,1,1,5.0,13.0,1024.0,Android
xiaomi,Xiaomi Redmi Note 11 Pro 4G (8GB RAM + 128GB),19999,83.0,1,0,0,1,mediatek,8,2.05,8,128.0,1,5000.0,6.67,Ultra HD,120.0,4,1,16.0,108.0,1024.0,Android
realme,Realme 9i (4GB RAM + 128GB),15059,75.0,1,0,0,0,snapdragon,8,2.4,4,128.0,1,5000.0,6.6,Ultra HD,90.0,3,1,16.0,50.0,1024.0,Android
samsung,Samsung Galaxy A03 (4GB RAM + 64GB),11499,70.0,1,0,0,0,unisoc,8,2.0,4,64.0,1,5000.0,6.5,Quad HD,60.0,2,1,5.0,48.0,1024.0,Android
itel,itel A27,4999,,1,0,0,0,unisoc,4,1.4,2,32.0,0,4000.0,5.45,HD,60.0,1,1,2.0,5.0,0.0,Android
nokia,Nokia G21,12999,71.0,1,0,0,0,unisoc,8,1.6,4,64.0,1,5050.0,6.5,Quad HD,90.0,3,1,8.0,50.0,512.0,Android
vivo,Vivo Y33T,17990,81.0,1,0,0,0,snapdragon,8,2.4,8,128.0,1,5000.0,6.58,Ultra HD,90.0,3,1,16.0,50.0,1024.0,Android
realme,Realme Narzo 50A Prime,10499,73.0,1,0,0,0,unisoc,8,1.82,4,64.0,1,5000.0,6.6,Ultra HD,60.0,3,1,8.0,50.0,1024.0,Android
realme,Realme C31,8699,62.0,1,0,0,0,unisoc,8,1.82,3,32.0,0,5000.0,6.52,Quad HD,60.0,3,1,5.0,13.0,1024.0,Android
xiaomi,Xiaomi Redmi 10 Prime 2022,10999,74.0,1,0,0,1,mediatek,8,2.0,4,64.0,1,6000.0,6.5,Ultra HD,90.0,4,1,8.0,50.0,128.0,Android
tecno,Tecno Spark 8 (4GB RAM + 64GB),11999,64.0,1,0,0,0,mediatek,8,1.8,4,64.0,0,5000.0,6.52,Quad HD,60.0,2,1,8.0,16.0,256.0,Android
motorola,Motorola Moto G31 (6GB RAM+ 128GB),14079,78.0,1,0,0,0,mediatek,8,2.0,6,128.0,1,5000.0,6.47,Ultra HD,60.0,3,1,13.0,50.0,1024.0,Android
infinix,Infinix Smart 6,6999,60.0,1,0,0,0,mediatek,4,2.0,2,64.0,0,5000.0,6.6,Quad HD,60.0,2,1,5.0,8.0,512.0,Android
realme,Realme C25Y (4GB RAM + 64GB),10749,69.0,1,0,0,0,unisoc,8,1.8,4,64.0,1,5000.0,6.5,HD,60.0,3,1,8.0,50.0,256.0,Android
vivo,Vivo Y20T,15490,70.0,1,0,0,0,snapdragon,8,2.0,6,64.0,1,5000.0,6.51,HD,60.0,3,1,8.0,13.0,1024.0,Android
xiaomi,Xiaomi Redmi Note 10 Lite (6GB RAM + 128GB),13870,80.0,1,0,0,1,snapdragon,8,2.3,6,128.0,1,5020.0,6.67,Ultra HD,60.0,4,1,16.0,48.0,512.0,Android
xiaomi,Xiaomi Redmi 9 Activ,8999,68.0,1,0,0,0,mediatek,8,2.3,4,64.0,0,5000.0,6.53,Quad HD,60.0,2,1,5.0,13.0,512.0,Android
apple,Apple iPhone 13 Pro (512GB),125999,84.0,1,1,1,0,bionic,6,3.22,6,512.0,1,3095.0,6.1,Ultra HD,120.0,3,1,12.0,12.0,0.0,iOS
apple,Apple iPhone 13 Pro Max (512GB),134999,85.0,1,1,1,0,bionic,6,3.22,6,512.0,1,4352.0,6.7,Ultra HD,120.0,3,1,12.0,12.0,0.0,iOS
apple,Apple iPhone 13 Pro Max (1TB),155999,86.0,1,1,1,0,bionic,6,3.22,6,1000.0,1,4352.0,6.7,Ultra HD,120.0,3,1,12.0,12.0,0.0,iOS
apple,Apple iPhone 13 Mini (512GB),89999,80.0,1,1,1,0,bionic,6,3.22,4,512.0,1,2438.0,5.4,Ultra HD,60.0,2,1,12.0,12.0,0.0,iOS
realme,Realme C25Y,13999,70.0,1,0,0,0,unisoc,8,1.8,4,128.0,1,5000.0,6.5,HD,60.0,3,1,8.0,50.0,256.0,Android
xiaomi,Xiaomi Redmi 10 Prime (6GB RAM + 128GB),16450,77.0,1,0,0,1,mediatek,8,2.0,6,128.0,1,6000.0,6.5,Ultra HD,90.0,4,1,8.0,50.0,512.0,Android
ikall,iKall Z1,4799,,1,0,0,0,mediatek,4,1.3,4,32.0,0,3000.0,5.45,HD,60.0,1,1,5.0,8.0,0.0,Android
samsung,Samsung Galaxy M32 5G (8GB RAM + 128GB),21999,81.0,1,1,0,0,mediatek,8,2.0,8,128.0,1,5000.0,6.5,Quad HD,60.0,4,1,13.0,48.0,1024.0,Android
realme,Realme C21Y (4GB RAM + 64GB),10499,65.0,1,0,0,0,unisoc,8,1.8,4,64.0,0,5000.0,6.5,Quad HD,60.0,3,1,5.0,13.0,256.0,Android
xiaomi,Xiaomi Mi 11X Pro 5G (8GB RAM + 256GB),32334,86.0,1,1,0,1,snapdragon,8,2.84,8,256.0,1,4520.0,6.67,Ultra HD,120.0,3,1,20.0,108.0,0.0,Android
samsung,Samsung Galaxy A52 (8GB RAM + 128GB),27999,86.0,1,0,0,0,snapdragon,8,2.3,8,128.0,1,4500.0,6.5,Ultra HD,90.0,4,1,32.0,64.0,1024.0,Android
samsung,Samsung Galaxy A72 (8GB RAM + 256GB),37999,88.0,1,0,0,0,snapdragon,8,2.3,8,256.0,1,5000.0,6.7,Ultra HD,90.0,4,1,32.0,64.0,1024.0,Android
oppo,OPPO F19 Pro (8GB RAM + 256GB),18990,81.0,1,0,0,0,mediatek,8,2.2,8,256.0,1,4310.0,6.43,Ultra HD,60.0,4,1,16.0,48.0,256.0,Android
motorola,Motorola Moto E7 Power (2GB RAM + 32GB),6999,61.0,1,0,0,0,mediatek,8,2.0,2,32.0,0,5000.0,6.5,Quad HD,60.0,2,1,5.0,13.0,1024.0,Android
lava,Lava Z6,8449,71.0,1,0,0,0,mediatek,8,2.3,6,64.0,0,5000.0,6.51,Quad HD,60.0,3,1,16.0,13.0,512.0,Android
xiaomi,Xiaomi Mi 11 Lite,19999,79.0,1,0,0,1,snapdragon,8,2.3,6,128.0,1,4250.0,6.55,Ultra HD,90.0,3,1,16.0,64.0,512.0,Android
xiaomi,Xiaomi Mi 10i (6GB RAM + 64GB),18190,83.0,1,1,0,1,snapdragon,8,2.2,6,64.0,1,4820.0,6.67,Ultra HD,120.0,4,1,16.0,108.0,512.0,Android
xiaomi,Xiaomi Redmi 9 Power (4GB RAM + 128GB),14990,75.0,1,0,0,1,snapdragon,8,2.0,4,128.0,1,6000.0,6.53,Ultra HD,60.0,4,1,8.0,48.0,512.0,Android
xiaomi,Xiaomi Redmi 9i (4GB RAM + 128GB),9299,67.0,1,0,0,0,mediatek,8,2.0,4,128.0,1,5000.0,6.53,Quad HD,60.0,1,1,5.0,13.0,512.0,Android
xiaomi,Xiaomi Redmi Note 9 Pro (4GB RAM + 128GB),15990,77.0,1,0,0,1,snapdragon,8,2.3,4,128.0,1,5020.0,6.67,Ultra HD,60.0,4,1,16.0,48.0,512.0,Android
poco,Poco M2,10999,74.0,1,0,0,1,mediatek,8,2.0,6,64.0,1,5000.0,6.53,Ultra HD,60.0,4,1,8.0,13.0,512.0,Android
realme,Realme Narzo 20,10499,72.0,1,0,0,0,mediatek,8,2.0,4,64.0,1,6000.0,6.5,Quad HD,60.0,3,1,8.0,48.0,256.0,Android
oppo,Oppo Reno 4 Pro,29490,86.0,1,0,0,0,snapdragon,8,2.3,8,128.0,1,4000.0,6.5,Ultra HD,90.0,4,1,32.0,48.0,256.0,Android
poco,Poco C3,6299,66.0,1,0,0,0,mediatek,8,2.3,3,32.0,0,5000.0,6.53,Quad HD,60.0,3,1,5.0,13.0,512.0,Android
samsung,Samsung Galaxy A21s (6GB RAM + 64GB),16890,74.0,1,0,0,0,exynos,8,2.0,6,64.0,0,5000.0,6.5,Quad HD,60.0,4,1,13.0,48.0,512.0,Android
realme,Realme X3 SuperZoom Edition (12GB RAM + 256GB),34999,83.0,1,0,0,0,snapdragon,8,2.96,12,256.0,1,4200.0,6.57,Ultra HD,120.0,4,2,32.0,64.0,0.0,Android
xiaomi,Xiaomi Redmi Note 9 (4GB RAM + 128GB),12920,75.0,1,0,0,1,mediatek,8,2.0,4,128.0,1,5020.0,6.53,Ultra HD,60.0,4,1,13.0,48.0,512.0,Android
xiaomi,Xiaomi Redmi Note 9 Pro (6GB RAM + 128GB),15690,80.0,1,0,0,1,snapdragon,8,2.3,6,128.0,1,5020.0,6.67,Ultra HD,60.0,4,1,16.0,48.0,512.0,Android
itel,itel A25,4325,,1,0,0,0,unisoc,4,1.4,1,16.0,0,3020.0,5.0,Full HD+,60.0,1,1,2.0,5.0,32.0,Android
samsung,Samsung Galaxy A70s (8GB RAM + 128GB),30500,83.0,1,0,1,0,snapdragon,8,2.0,8,128.0,1,4500.0,6.7,Ultra HD,60.0,3,1,32.0,64.0,512.0,Android
realme,Realme XT,16924,75.0,1,0,0,0,snapdragon,8,2.3,4,64.0,1,4000.0,6.4,Ultra HD,60.0,4,1,16.0,64.0,256.0,Android
samsung,Samsung Galaxy A10s,8999,61.0,1,0,0,0,mediatek,8,2.0,2,32.0,0,4000.0,6.2,Quad HD,60.0,2,1,8.0,13.0,512.0,Android
xiaomi,Xiaomi Redmi Note 7s (4GB RAM + 64GB),12990,71.0,1,0,0,1,snapdragon,8,2.2,4,64.0,1,4000.0,6.3,Ultra HD,60.0,2,1,13.0,48.0,256.0,Android
oppo,OPPO F11,17999,73.0,1,0,0,0,mediatek,8,2.1,4,128.0,1,4020.0,6.5,Ultra HD,60.0,2,1,16.0,48.0,256.0,Android
realme,Realme 2 Pro (8GB RAM + 128GB),15499,71.0,1,0,0,0,snapdragon,8,2.2,8,128.0,0,3500.0,6.3,Ultra HD,60.0,2,1,16.0,16.0,256.0,Android
realme,Realme 2 Pro (6GB RAM + 64GB),15999,69.0,1,0,0,0,snapdragon,8,2.2,6,64.0,0,3500.0,6.3,Ultra HD,60.0,2,1,16.0,16.0,256.0,Android
xiaomi,Xiaomi Redmi 6A,6500,,1,0,0,0,mediatek,4,2.0,2,16.0,0,3000.0,5.45,HD,60.0,1,1,5.0,13.0,256.0,Android
ikall,iKall Z17 Pro,7699,60.0,1,0,0,0,mediatek,4,1.3,4,64.0,0,5000.0,6.5,Quad HD,60.0,1,1,8.0,13.0,128.0,Android
ikall,iKall Z19 Ultra Plus,8799,64.0,1,0,0,0,mediatek,6,1.6,6,128.0,0,5000.0,6.5,Quad HD,60.0,1,1,8.0,13.0,512.0,Android
ikall,iKall Z1 (3GB RAM + 32GB),4799,,1,0,0,0,mediatek,4,1.3,3,32.0,0,3000.0,5.45,HD,60.0,1,1,5.0,8.0,0.0,Android
ikall,iKall Z2 New,5999,,1,0,0,0,mediatek,4,1.3,4,64.0,0,4000.0,6.26,HD,60.0,1,1,8.0,13.0,128.0,Android
ikall,iKall Z18 New,8676,64.0,1,0,0,0,mediatek,4,1.6,6,128.0,0,5000.0,6.5,Quad HD,60.0,2,1,8.0,13.0,512.0,Android
ikall,iKall Z17 New,7679,60.0,1,0,0,0,mediatek,4,1.3,4,64.0,0,5000.0,6.5,Quad HD,60.0,1,1,8.0,13.0,128.0,Android
ikall,iKall K440 2023,6299,60.0,1,0,0,0,mediatek,4,1.3,4,64.0,1,4000.0,6.26,Quad HD,60.0,1,1,8.0,13.0,128.0,Android
ikall,iKall K470 Plus,6299,,1,0,0,0,mediatek,4,1.3,4,64.0,0,4000.0,6.25,Quad HD,60.0,1,1,8.0,13.0,128.0,Android
ikall,iKall K470 New (4GB RAM + 64GB),6299,,1,0,0,0,mediatek,4,1.3,4,64.0,0,4000.0,6.26,Quad HD,60.0,1,1,8.0,13.0,128.0,Android
itel,Itel P40 (3GB RAM + 32GB),6599,,1,0,0,0,unisoc,8,1.6,3,32.0,1,6000.0,6.6,Quad HD,60.0,2,1,5.0,13.0,512.0,Android
ikall,iKall Z19 (4GB RAM + 64GB),7699,60.0,1,0,0,0,mediatek,4,1.6,4,64.0,0,5000.0,6.5,Quad HD,60.0,1,1,8.0,13.0,128.0,Android
ikall,iKall Z20 Pro,7699,66.0,1,0,0,0,mediatek,4,1.6,4,64.0,0,5000.0,6.5,Quad HD,60.0,1,1,8.0,13.0,128.0,Android
lava,Lava X3,6750,,1,0,0,0,mediatek,4,2.0,3,32.0,0,4000.0,6.5,HD,60.0,2,1,5.0,8.0,512.0,Android
lava,Lava Blaze NXT,8999,66.0,1,0,0,0,mediatek,8,2.3,4,64.0,0,5000.0,6.5,Quad HD,60.0,3,1,8.0,13.0,256.0,Android
lava,Lava Yuva Pro,6999,,1,0,0,0,mediatek,8,1.8,3,32.0,1,5000.0,6.52,HD,60.0,3,1,8.0,13.0,512.0,Android
itel,itel Vision 3 Turbo,6999,61.0,1,0,0,0,unisoc,8,1.6,3,64.0,1,5000.0,6.6,HD,60.0,2,1,5.0,8.0,128.0,Android
apple,Apple iPhone 14 Pro (512GB),147999,86.0,1,1,1,0,bionic,6,3.46,6,512.0,1,3200.0,6.1,Ultra HD,120.0,3,1,12.0,48.0,0.0,iOS
ikall,iKall K450 New,6224,,1,0,0,0,mediatek,4,1.3,4,32.0,0,4000.0,6.26,Quad HD,60.0,1,1,13.0,16.0,128.0,Android
ikall,iKall Z3 New,5799,,1,0,0,0,mediatek,4,1.3,4,64.0,0,4000.0,6.26,Quad HD,60.0,1,1,8.0,13.0,64.0,Android
nokia,Nokia C21 Plus (4GB RAM + 64GB),9999,64.0,1,0,0,0,unisoc,8,1.6,4,64.0,0,5050.0,6.52,Quad HD,60.0,2,1,5.0,13.0,128.0,Android
lava,Lava Z3 Pro,6290,,1,0,0,0,mediatek,8,1.8,3,32.0,0,5000.0,6.5,HD,60.0,1,1,5.0,8.0,512.0,Android
ikall,iKall K475 New,6999,,1,0,0,0,mediatek,4,1.3,4,64.0,0,4000.0,6.26,Quad HD,60.0,1,1,16.0,13.0,128.0,Android
ikall,iKall Z10 New,7999,61.0,1,0,0,0,mediatek,4,1.6,4,64.0,0,5000.0,6.53,Quad HD,60.0,1,1,8.0,13.0,64.0,Android
ikall,iKall K570 New,7999,61.0,1,0,0,0,mediatek,8,1.6,4,64.0,0,5000.0,6.53,HD,60.0,1,1,13.0,20.0,256.0,Android
ikall,iKall K525 Pro,7999,,1,0,0,0,mediatek,8,1.3,4,64.0,0,4000.0,6.26,HD,60.0,1,1,13.0,16.0,64.0,Android
realme,Realme Narzo 50A Prime (4GB RAM + 128GB),12499,74.0,1,0,0,0,unisoc,8,1.82,4,128.0,1,5000.0,6.6,Ultra HD,60.0,3,1,8.0,50.0,1024.0,Android
itel,itel A49,5949,,1,0,0,0,unisoc,4,1.4,2,32.0,0,4000.0,6.6,Quad HD,60.0,2,1,5.0,5.0,128.0,Android
lava,Lava X2,6139,60.0,1,0,0,0,mediatek,8,2.3,2,32.0,0,5000.0,6.5,Quad HD,60.0,2,1,5.0,8.0,128.0,Android
nokia,Nokia C21 Plus,8999,61.0,1,0,0,0,unisoc,8,1.6,3,32.0,0,5050.0,6.52,Quad HD,60.0,2,1,5.0,13.0,128.0,Android
tecno,Tecno Pop 5 Pro,6890,,1,0,0,0,mediatek,4,2.0,3,32.0,0,6000.0,6.52,Quad HD,60.0,2,1,5.0,8.0,128.0,Android
tecno,Tecno Spark Go 2022,7499,,1,0,0,0,mediatek,4,2.2,2,32.0,0,5000.0,6.51,Quad HD,60.0,2,1,8.0,13.0,256.0,Android
tecno,Tecno POP 5 LTE,6299,,1,0,0,0,unisoc,8,1.6,2,32.0,0,5000.0,6.5,Quad HD,60.0,2,1,5.0,8.0,128.0,Android
tecno,Tecno Camon 18,11990,75.0,1,0,1,0,mediatek,8,2.0,4,128.0,1,5000.0,6.8,Ultra HD,90.0,3,1,16.0,48.0,0.0,Android
xiaomi,Xiaomi Redmi Note 10 Lite (4GB RAM + 128GB),12990,77.0,1,0,0,1,snapdragon,8,2.3,4,128.0,1,5020.0,6.67,Ultra HD,60.0,4,1,16.0,48.0,512.0,Android
poco,POCO C31,8499,65.0,1,0,0,0,mediatek,8,2.3,3,32.0,0,5000.0,6.53,Quad HD,60.0,3,1,5.0,13.0,512.0,Android
xiaomi,Xiaomi Redmi 9i Sport,9999,66.0,1,0,0,0,mediatek,8,2.0,4,64.0,1,5000.0,6.53,Quad HD,60.0,1,1,5.0,13.0,512.0,Android
xiaomi,Xiaomi Redmi 9A Sport,6999,61.0,1,0,0,0,mediatek,8,2.0,2,32.0,0,5000.0,6.53,Quad HD,60.0,1,1,5.0,13.0,512.0,Android
xiaomi,Xiaomi Redmi 9A Sport (3GB RAM + 32GB),7499,62.0,1,0,0,0,mediatek,8,2.0,3,32.0,0,5000.0,6.53,Quad HD,60.0,1,1,5.0,13.0,512.0,Android
tecno,Tecno Spark 8T,8299,70.0,1,0,0,0,mediatek,8,2.3,4,64.0,0,5000.0,6.6,Quad HD,60.0,2,1,8.0,50.0,128.0,Android
samsung,Samsung Galaxy A12 Exynos 850 (6GB RAM + 128GB),14900,74.0,1,0,0,0,exynos,8,2.0,6,128.0,0,5000.0,6.5,HD,60.0,4,1,8.0,48.0,1024.0,Android
nokia,Nokia C20 Plus (3GB RAM + 32GB),8999,61.0,1,0,0,0,unisoc,8,1.6,3,32.0,0,4950.0,6.5,Quad HD,60.0,2,1,5.0,8.0,256.0,Android
infinix,Infinix Smart 5A,7199,60.0,1,0,0,0,mediatek,4,1.8,2,32.0,0,5000.0,6.52,Quad HD,60.0,2,1,8.0,8.0,256.0,Android
ikall,iKall Z6,6999,,1,0,0,0,mediatek,4,1.6,4,64.0,0,4000.0,6.26,FWVGA,60.0,1,1,5.0,8.0,64.0,Android
ikall,iKall Z10,7924,61.0,1,0,0,0,mediatek,4,1.6,4,64.0,0,4000.0,6.51,Quad HD,60.0,1,1,8.0,13.0,64.0,Android
infinix,Infinix Hot 11,9999,67.0,1,0,0,0,mediatek,8,2.0,4,64.0,0,5200.0,6.6,Ultra HD,60.0,2,1,8.0,13.0,256.0,Android
realme,Realme C25s (4GB RAM + 128GB),9999,69.0,1,0,0,0,mediatek,8,2.0,4,128.0,1,6000.0,6.5,Quad HD,60.0,3,1,8.0,13.0,256.0,Android
realme,Realme C21Y,9499,62.0,1,0,0,0,unisoc,8,1.8,3,32.0,0,5000.0,6.5,Quad HD,60.0,3,1,5.0,13.0,256.0,Android
nokia,Nokia C20 Plus,7999,,1,0,0,0,unisoc,8,1.6,2,32.0,0,4950.0,6.5,Quad HD,60.0,2,1,5.0,8.0,256.0,Android
poco,POCO M2 Reloaded,10990,71.0,1,0,0,1,mediatek,8,2.0,4,64.0,1,5000.0,6.53,Ultra HD,60.0,4,1,8.0,13.0,512.0,Android
realme,Realme C21 (4GB RAM + 64GB),9999,65.0,1,0,0,0,mediatek,8,2.3,4,64.0,0,5000.0,6.5,HD,60.0,3,1,5.0,13.0,256.0,Android
nokia,Nokia G20,12999,73.0,1,0,0,0,mediatek,8,2.3,4,64.0,0,5050.0,6.52,Quad HD,60.0,4,1,8.0,48.0,512.0,Android
realme,Realme C25,9999,65.0,1,0,0,0,mediatek,8,2.0,4,64.0,1,6000.0,6.5,HD,60.0,3,1,8.0,13.0,256.0,Android
nokia,Nokia 5.4 (6GB RAM + 64GB),12699,73.0,1,0,0,0,snapdragon,8,2.0,6,64.0,0,4000.0,6.39,HD,60.0,4,1,16.0,48.0,512.0,Android
lava,Lava Z2,6190,61.0,1,0,0,0,mediatek,8,2.3,2,32.0,0,5000.0,6.51,Quad HD,60.0,2,1,8.0,13.0,512.0,Android
oppo,Oppo A15s,12990,70.0,1,0,0,0,mediatek,8,2.3,4,64.0,0,4230.0,6.52,Quad HD,60.0,3,1,8.0,13.0,256.0,Android
samsung,Samsung Galaxy M02s,9499,65.0,1,0,0,0,snapdragon,8,1.8,3,32.0,1,5000.0,6.5,Quad HD,60.0,3,1,5.0,13.0,1024.0,Android
nokia,Nokia 5.4,11399,70.0,1,0,0,0,snapdragon,8,2.0,4,64.0,0,4000.0,6.39,HD,60.0,4,1,16.0,48.0,512.0,Android
samsung,Samsung Galaxy M02,8999,,1,0,0,0,mediatek,4,1.5,2,32.0,0,5000.0,6.5,Quad HD,60.0,2,1,5.0,13.0,1024.0,Android
poco,Poco M2 (6GB RAM + 128GB),13999,75.0,1,0,0,1,mediatek,8,2.0,6,128.0,1,5000.0,6.53,Ultra HD,60.0,4,1,8.0,13.0,512.0,Android
xiaomi,Xiaomi Redmi 9A (3GB RAM + 32GB),8399,62.0,1,0,0,0,mediatek,8,2.0,3,32.0,0,5000.0,6.53,Quad HD,60.0,1,1,5.0,13.0,512.0,Android
xiaomi,Xiaomi Redmi 9 Prime (4GB RAM + 128GB),11490,74.0,1,0,0,1,mediatek,8,2.0,4,128.0,1,5020.0,6.53,Ultra HD,60.0,4,1,8.0,13.0,512.0,Android
xiaomi,Xiaomi Redmi 9 (4GB RAM + 128GB),10990,70.0,1,0,0,0,mediatek,8,2.3,4,128.0,0,5000.0,6.53,Quad HD,60.0,2,1,5.0,13.0,512.0,Android
lava,Lava Z52 Pro,5199,,1,0,0,0,unisoc,8,1.6,2,16.0,0,4120.0,5.5,HD,60.0,1,1,5.0,8.0,128.0,Android
motorola,Motorola Moto G9,11990,70.0,1,0,1,0,snapdragon,8,2.0,4,64.0,1,5000.0,6.5,HD,60.0,3,1,8.0,48.0,512.0,Android
vivo,Vivo Z1x (4GB RAM + 128GB),17888,75.0,1,0,0,0,snapdragon,8,2.3,4,128.0,1,4500.0,6.38,Ultra HD,60.0,3,1,32.0,48.0,0.0,Android
realme,Realme X2 Pro,22999,82.0,1,0,1,0,snapdragon,8,2.96,8,128.0,1,4000.0,6.5,Ultra HD,60.0,4,1,16.0,64.0,0.0,Android
